,ra,dec
0,3.021864866507708,-3.823690825031604
1,3.076471964041541,-3.798098639745294
2,3.001547624683333,-3.993402692158684
3,3.008130459565386,-3.983090862793901
4,3.017089248207711,-3.962933006958704
5,3.018103284300518,-3.959375286864586
6,3.010104173452931,-3.947685179718817
7,3.001846710289791,-3.945213974461375
8,3.011060944958588,-3.938485214078227
9,3.006340712114033,-3.91129274236424
10,3.036322832104357,-3.989213061690564
11,3.050868744299238,-3.997495846955128
12,3.047839400354161,-3.991547100181569
13,3.057661825124054,-3.990401964087353
14,3.057801775442257,-3.98852718436176
15,3.062773277724646,-3.990297199176283
16,3.065926055459656,-3.99160644296342
17,3.022260282898931,-3.963793672289524
18,3.046593040313751,-3.9859343548161
19,3.057281110948103,-3.984732568130339
20,3.057960464101976,-3.974971407217136
21,3.059451580467627,-3.976039504326184
22,3.086563540351431,-3.999728636464259
23,3.09639707003747,-3.994023400971276
24,3.103629401448246,-3.994938028303499
25,3.087145866943602,-3.979192525501404
26,3.093380184519577,-3.98321782349361
27,3.108897020539981,-3.975420310938599
28,3.109332591960139,-3.974845629616897
29,3.026755310627406,-3.952666146325898
30,3.03790326505948,-3.960689137397827
31,3.036175678497565,-3.94684086891885
32,3.066784142454953,-3.952754116376727
33,3.056514151392506,-3.941414562169498
34,3.071993803828213,-3.945840732986888
35,3.072885199824582,-3.946716398537022
36,3.068081578211491,-3.936028403002468
37,3.041761543533126,-3.918177668138124
38,3.044818859975551,-3.911581546550122
39,3.065779354309585,-3.929709814324798
40,3.073276375842146,-3.928995590816341
41,3.057722714619802,-3.910873895305857
42,3.128292179691598,-3.954629447977773
43,3.111278766767199,-3.943375804048772
44,3.126764645969786,-3.941759081388197
45,3.078694239505274,-3.925512735185901
46,3.083938974805528,-3.920158840498761
47,3.106136360743595,-3.915752581533595
48,3.126390462591306,-3.908444003217362
49,3.000785026949526,-3.874217514246189
50,3.009371627519323,-3.81201219185951
51,3.043611247261118,-3.883203911457493
52,3.048263403473665,-3.898382144915601
53,3.023275414273505,-3.863729323241518
54,3.043746481674249,-3.876955964154456
55,3.065915327069058,-3.874856636570091
56,3.08792415962624,-3.897812387540304
57,3.089921823644541,-3.899291911027607
58,3.126374336390369,-3.884934325666892
59,3.091425169110132,-3.869538827048821
60,3.097623806915871,-3.865062981198224
61,3.086406130928212,-3.862513230383363
62,3.085884713345392,-3.861028232241588
63,3.095234056668953,-3.855826310197609
64,3.118528791389603,-3.875757768029291
65,3.021991840853801,-3.828223606992978
66,3.02128965869264,-3.819277794219346
67,3.019021556326385,-3.81305916253886
68,3.032857072781316,-3.810352505886196
69,3.053081750388694,-3.819297799393663
70,3.058754691467329,-3.815479024073642
71,3.061123346894982,-3.794639288916892
72,3.075819323067891,-3.818877088590444
73,3.102206395617799,-3.818327164472689
74,3.094433291751508,-3.808577506573398
75,3.076103882724156,-3.803674256853975
76,3.086007025080155,-3.802541932949725
77,3.083371994833076,-3.800078143289687
78,3.114016723634299,-3.819541440840013
79,3.214755290772118,-3.993637260602472
80,3.232846405537478,-3.941951621677106
81,3.239369291234059,-3.69990767119809
82,3.011014457448905,-3.770236447063436
83,3.004360887613056,-3.7420768966461
84,3.017071216861694,-3.743170859445575
85,3.041168602021045,-3.764191142076128
86,3.020737261047128,-3.751668253793965
87,3.030075894141017,-3.741137831628722
88,3.059761656950487,-3.765684169556442
89,3.073990371736713,-3.752320887517178
90,3.05196255626371,-3.744302205537174
91,3.089414317104495,-3.791290331433285
92,3.099984584269144,-3.786415616905266
93,3.111914815927566,-3.789325586689417
94,3.116612329401876,-3.789054556832694
95,3.129314639089964,-3.79171543327449
96,3.119385737734131,-3.784275266757545
97,3.122825803530128,-3.779627438255326
98,3.094540603948881,-3.740970639455639
99,3.102899552368833,-3.757102200979575
100,3.117080519955551,-3.756481545043493
101,3.127143509637904,-3.757444939443789
102,3.02977812934274,-3.728345809342293
103,3.042252302420708,-3.737450462434203
104,3.031228148983488,-3.722639466472721
105,3.0449080072859,-3.721404786127382
106,3.052402176375285,-3.732058438567661
107,3.028367174154905,-3.707546891417271
108,3.019290875129619,-3.69405425972602
109,3.08725877650035,-3.725207202338098
110,3.092507923106519,-3.729238809990404
111,3.083918067267416,-3.72149497921767
112,3.09936776052835,-3.714041285450953
113,3.111145155866835,-3.727732939037497
114,3.117461354511481,-3.710609262189993
115,3.077798560265535,-3.688918698348552
116,3.127841298022417,-3.696824401375452
117,3.108308841085402,-3.68849742878071
118,3.116924074783747,-3.684255684322161
119,3.116793832862501,-3.684143932147097
120,3.000565015045756,-3.647909918092314
121,3.01986278628343,-3.678742707771663
122,3.034704513077662,-3.673596412555028
123,3.057506880425684,-3.668520150630421
124,3.057717169509822,-3.668370850045147
125,3.040107371313971,-3.651993886972074
126,3.031350868401339,-3.638581879226889
127,3.102484652643517,-3.67665719497936
128,3.112461418758884,-3.674994804853234
129,3.117581877378146,-3.678212698426971
130,3.12438034502111,-3.676278833142224
131,3.079456866578448,-3.638923773144209
132,3.092094394755187,-3.636958295671695
133,3.116788176861985,-3.648409829883204
134,3.033622513205252,-3.622197584205762
135,3.044097569473018,-3.611691496123638
136,3.054346122417305,-3.606321536059392
137,3.04356720423642,-3.573388696266456
138,3.057582553025103,-3.59666613911557
139,3.072650912521063,-3.572176720365047
140,3.121102723432323,-3.60742617969956
141,3.124221954713956,-3.610462780100079
142,3.081167185494066,-3.590602000824474
143,3.103066396783947,-3.577142383533868
144,3.118977971638293,-3.575721960970725
145,3.154637303472004,-3.992581455415166
146,3.144626801345658,-3.969513019925859
147,3.154565237423209,-3.969942394780892
148,3.154583817994926,-3.969667229020109
149,3.197402199287386,-3.994760939866467
150,3.203518556506743,-3.994052109023903
151,3.22611873656468,-3.999593568061754
152,3.233389603020335,-3.991383823470452
153,3.186243958392658,-3.96306949563269
154,3.232230689186109,-3.977175990748377
155,3.22421376866475,-3.972446000498467
156,3.13189168433786,-3.956737311267809
157,3.130336041229151,-3.94146813528448
158,3.143523754970361,-3.932943067809919
159,3.135090397221345,-3.918727373482632
160,3.210083925299421,-3.936498278549736
161,3.232608010336197,-3.959398408117129
162,3.216586828239698,-3.933371193986898
163,3.239420743875693,-3.936955173466525
164,3.212266749134711,-3.930313693278969
165,3.202265701645503,-3.916312888257683
166,3.201810717235592,-3.914358062097924
167,3.21531824654511,-3.923717910372378
168,3.231979731598782,-3.916187479738166
169,3.252641676706024,-3.986635701989333
170,3.252811460943303,-3.966752242442797
171,3.287760327971875,-3.967605869040983
172,3.316331711014328,-3.993278847115274
173,3.345375510057739,-3.996295252952783
174,3.241958681098399,-3.948455575981996
175,3.297284567807033,-3.957893286431821
176,3.242962729120748,-3.920000256818852
177,3.269857170018947,-3.929023115354775
178,3.284479121474564,-3.906893370437471
179,3.294382292780526,-3.90739385611431
180,3.320772514380506,-3.953101244876215
181,3.30513064307386,-3.939981266762665
182,3.338946300851831,-3.955504368772952
183,3.346525321814098,-3.947923525855614
184,3.298837730921271,-3.926639401289081
185,3.335305806034592,-3.929823529622183
186,3.132004707576526,-3.904003752233367
187,3.166119853352654,-3.878819699271432
188,3.174555699975518,-3.887739687253877
189,3.136547255093511,-3.865536279330301
190,3.196101167064791,-3.891817743781375
191,3.200375039945727,-3.896369955041481
192,3.207283393811882,-3.889097871706122
193,3.21540960482165,-3.879048434604981
194,3.23832446337353,-3.880316488934811
195,3.20205320837323,-3.854199506741595
196,3.218271523649337,-3.874068281563091
197,3.215741067612574,-3.871777910988252
198,3.241792032855229,-3.860664564841988
199,3.13595585580157,-3.833056148374768
200,3.143543574988555,-3.805860534337215
201,3.138647454052947,-3.80013166344743
202,3.161309590669792,-3.807859011598065
203,3.166221744283958,-3.798453462445265
204,3.228580779399564,-3.831313556489654
205,3.201099794555386,-3.816795889209035
206,3.21212864531241,-3.807133542461469
207,3.245146100132082,-3.855709927231582
208,3.2832389706556,-3.866476956050213
209,3.293128146578635,-3.872519908621659
210,3.295271130022301,-3.868295352681025
211,3.326514280427093,-3.895100658070582
212,3.346356960488686,-3.893351246404508
213,3.303957562780436,-3.873443895723996
214,3.329506984010398,-3.875622364347229
215,3.348102441444802,-3.872758717097333
216,3.350020373168645,-3.870787146725681
217,3.352548150462867,-3.867580357877901
218,3.353198208679955,-3.848832371439418
219,3.246724939702633,-3.822564969006163
220,3.260036636956384,-3.829382002762794
221,3.263719511411669,-3.830126688006962
222,3.264551570733078,-3.828712748538819
223,3.28847157874542,-3.848312616288807
224,3.292460592033116,-3.838680297214844
225,3.280639477765937,-3.814017208844073
226,3.280596073299487,-3.799728814495305
227,3.285696299470878,-3.794622740444488
228,3.314015132086926,-3.844686964873933
229,3.313726965204554,-3.828590622475531
230,3.313279818169076,-3.823757135742123
231,3.332144374385576,-3.832887003237603
232,3.315863908955949,-3.816766411215465
233,3.316129530442146,-3.810042244463991
234,3.301802131547598,-3.79834526558994
235,3.3400874277722,-3.807629562935472
236,3.394212012519862,-3.99756739852277
237,3.377628050377157,-3.984025335451921
238,3.37742624794623,-3.983333433300362
239,3.383898554062542,-3.965284039164312
240,3.401822806015024,-3.963784068670279
241,3.429967061355428,-3.998371727086276
242,3.423380915755212,-3.997023531971302
243,3.445178522267136,-3.997257327927711
244,3.419011534525749,-3.980457952906701
245,3.443612926771449,-3.970805570364619
246,3.359122403428847,-3.953058788149355
247,3.377418639131495,-3.957793440271886
248,3.376657992625014,-3.957100274190412
249,3.361238821052387,-3.941728682370174
250,3.378750010216866,-3.937129703653696
251,3.382446754882684,-3.943263193424512
252,3.366469359598366,-3.926216654360899
253,3.356628839960851,-3.915172902920858
254,3.35902102176004,-3.91342282842118
255,3.396529204523933,-3.931386322876919
256,3.384384091996341,-3.911927386439367
257,3.383998812000608,-3.909962149558023
258,3.427826076623699,-3.941198556926586
259,3.436191469430883,-3.941442229678602
260,3.461259212417062,-3.948593832259207
261,3.431408140122586,-3.925589614750987
262,3.417633086154398,-3.915673403590942
263,3.443189995118818,-3.930511431200858
264,3.448405262690307,-3.92258074967072
265,3.45767718249515,-3.916293260643243
266,3.48078018258054,-3.995395923238736
267,3.467004886627791,-3.961601938916386
268,3.483114501482389,-3.959521249984612
269,3.534786571988281,-3.994260599048115
270,3.5646491305596,-3.992296201812548
271,3.564190988417598,-3.966654948781352
272,3.565540557797859,-3.962522254464901
273,3.48722557654829,-3.951573714054524
274,3.478244607224648,-3.942114336750893
275,3.504459991953426,-3.94616943789118
276,3.503730316910628,-3.941103615230784
277,3.504302898869541,-3.934781992126359
278,3.514225964944896,-3.941254627149182
279,3.482185167183792,-3.912290979832991
280,3.481584767367195,-3.911385641863849
281,3.497722108355161,-3.922586166634559
282,3.502546089930911,-3.911705464137221
283,3.505661463902413,-3.910738019437962
284,3.505827704008487,-3.910346273783751
285,3.504080109456468,-3.910190922807968
286,3.509388773055215,-3.91290622746065
287,3.50719220201941,-3.910746131032539
288,3.531929555834862,-3.932679968704512
289,3.53705192653477,-3.940302498965653
290,3.538674852841059,-3.924592480871332
291,3.542178649446825,-3.927147763773259
292,3.544056394880694,-3.919623314090403
293,3.569710280644757,-3.930206438315808
294,3.575347033402484,-3.909648032396611
295,3.401368507996364,-3.889468353820548
296,3.403803499626368,-3.888406075766468
297,3.402714303444856,-3.878931850541977
298,3.364372544008937,-3.856434800930003
299,3.368882468588592,-3.85902578896145
300,3.390612321570456,-3.867286105002048
301,3.393788272777927,-3.868141872274899
302,3.383294419666276,-3.85883753682129
303,3.451183332009553,-3.875973056070702
304,3.417581085313201,-3.867049460579546
305,3.423458246806653,-3.859397679850656
306,3.451352286243838,-3.856155674271283
307,3.379906836895669,-3.837172188823558
308,3.364761476966022,-3.822983124364167
309,3.392640136967145,-3.837482772333352
310,3.402444388221993,-3.842832038905636
311,3.384381584121568,-3.833461372228624
312,3.362477155325482,-3.81980454008841
313,3.356241858102112,-3.808980498373067
314,3.379044499120226,-3.819636077017894
315,3.378865553250573,-3.817360660806894
316,3.366910078182447,-3.796353422696782
317,3.390080292260355,-3.811373342005451
318,3.407888195723732,-3.816792152846887
319,3.396836791158269,-3.811348751174979
320,3.399708486388557,-3.806902709212538
321,3.400104248499055,-3.806881962437822
322,3.39346413150892,-3.799250571961515
323,3.43631245989803,-3.845240233808834
324,3.44514882411507,-3.835058255324847
325,3.438261291603009,-3.830561699029662
326,3.440258203426274,-3.820573615148716
327,3.417116560596662,-3.79468587204433
328,3.431015826241913,-3.797786316908542
329,3.460034315395807,-3.816047517157943
330,3.467455539534191,-3.882631956184518
331,3.467687519272092,-3.882060188142387
332,3.500689560053453,-3.881235261230409
333,3.489213327770264,-3.874276148306623
334,3.483377195873611,-3.858732931391421
335,3.532273328234441,-3.890427811323193
336,3.532537336367866,-3.890121419017162
337,3.547947944480013,-3.886229127535582
338,3.547476260468905,-3.882903601120288
339,3.540577237631389,-3.876179858912746
340,3.570952059133679,-3.875441700826655
341,3.523454566854846,-3.852812761531623
342,3.476659100081465,-3.842606945843323
343,3.512548080877024,-3.806598468316746
344,3.525613877115819,-3.846998709861766
345,3.538706299078802,-3.846478882682106
346,3.553873108340091,-3.829096174786215
347,3.552514030233851,-3.826900767974148
348,3.553473187721549,-3.826850111198913
349,3.52071717948533,-3.81561530683128
350,3.546827859575384,-3.815995651492522
351,3.533523047329659,-3.804468352369662
352,3.520747534037335,-3.793853631142786
353,3.52794826023733,-3.796435381028406
354,3.561143845461318,-3.807607909020521
355,3.131994377816932,-3.7873505958989
356,3.169824768461921,-3.789571463638119
357,3.132847618850792,-3.746362033794905
358,3.164674501220559,-3.752307806267757
359,3.177875700235592,-3.75803457564646
360,3.162035837126823,-3.742666221923823
361,3.178017082171954,-3.742414545028578
362,3.240348403387938,-3.744094371445871
363,3.134156886270923,-3.715553647000471
364,3.145684819354712,-3.72023886633341
365,3.180601709406009,-3.715538020177938
366,3.147527695330777,-3.682381486598067
367,3.163136949887638,-3.704800943560298
368,3.182499939500413,-3.692179239478829
369,3.237332237183866,-3.736290689515439
370,3.23134073626329,-3.72521845739431
371,3.203352782848492,-3.699987657989453
372,3.222144043392344,-3.693687947620701
373,3.227697868484538,-3.690029762128827
374,3.244854021198196,-3.785128244646255
375,3.245342363713247,-3.776441113565525
376,3.292314536896366,-3.791293244417841
377,3.292605105943267,-3.78980745845638
378,3.292749054939843,-3.780391029548241
379,3.285457788063568,-3.767783334031261
380,3.244774626937964,-3.753096132805545
381,3.245112185607142,-3.753065273991441
382,3.274071931924944,-3.764106889260683
383,3.279204993491534,-3.739986233567752
384,3.255276478228777,-3.718321675269311
385,3.267976123345412,-3.716364417494693
386,3.24711318582666,-3.698670354673121
387,3.244608486108053,-3.690377026364289
388,3.294194048753567,-3.682832987035907
389,3.312554789863991,-3.73086058933625
390,3.312562107558793,-3.728968751682479
391,3.312212311848392,-3.723745887602091
392,3.315497343573592,-3.713187073228857
393,3.345213952134698,-3.732976558347965
394,3.344473665274815,-3.718061002898286
395,3.352001712266949,-3.707920236653362
396,3.328927045872304,-3.693734324474626
397,3.339663136604526,-3.685152757956624
398,3.154845649240458,-3.671407907527893
399,3.13997488003313,-3.661561895300126
400,3.146152084176378,-3.665053651915707
401,3.151959581462497,-3.665731976971461
402,3.170534579450607,-3.665890550298167
403,3.205076790728135,-3.672813286309705
404,3.20093818137289,-3.648322716615015
405,3.223529869711956,-3.644083376189242
406,3.228133821623207,-3.641092464586834
407,3.232326758647096,-3.639972143817059
408,3.236537063184366,-3.628531256928511
409,3.136458506867032,-3.601242864867085
410,3.16150403374019,-3.605477515262285
411,3.158358180427379,-3.600386314494324
412,3.189770185605795,-3.609363187151704
413,3.218857641093381,-3.619161846154709
414,3.239969932042733,-3.624997345082851
415,3.212826975944985,-3.59056436675055
416,3.19949541001297,-3.575335647155396
417,3.205060581576436,-3.584492512518405
418,3.201912162059436,-3.572898013245454
419,3.232411762507326,-3.585085840646048
420,3.237325478220016,-3.584774370289954
421,3.230993436287071,-3.576911991813494
422,3.24191047810806,-3.658920575176443
423,3.266289207111496,-3.665457014598839
424,3.272108974755512,-3.654694021919613
425,3.288561193562526,-3.656718833444822
426,3.271201657690118,-3.646887650649557
427,3.270844224183978,-3.646162964242538
428,3.271133571935213,-3.641046383708735
429,3.300612980903073,-3.673214656327605
430,3.300174829239197,-3.630548221932836
431,3.315825581921868,-3.63611805212699
432,3.249006835770403,-3.613998512210068
433,3.259065733676822,-3.615379444227184
434,3.247996863855765,-3.610948755755596
435,3.261156231690894,-3.605563244189516
436,3.257536740937482,-3.598793410247566
437,3.270239634191427,-3.616970143049001
438,3.286607580931765,-3.618945679250587
439,3.292307827111332,-3.619005548579122
440,3.263535139847288,-3.593336940792862
441,3.531740634021599,-3.730472490843938
442,3.292275866475304,-3.596004312389403
443,3.297559167015742,-3.59111191942807
444,3.318892956609407,-3.617505453614072
445,3.341505616744978,-3.619004045579045
446,3.329426249916813,-3.6017402773371
447,3.300176383620612,-3.578724548630607
448,3.30418266280299,-3.578548943551196
449,3.304676066669782,-3.58372991943251
450,3.314418948134066,-3.5814302485675
451,3.33424122621633,-3.596249696763763
452,3.334814307556404,-3.581182432933954
453,3.351215451387271,-3.570923722131643
454,3.367043672446751,-3.765728621175565
455,3.399612623620331,-3.789098516510057
456,3.386800785023423,-3.771467651020725
457,3.355205126415811,-3.760763689946549
458,3.373688407128761,-3.756566906299396
459,3.372303073257371,-3.748243448096651
460,3.406456903628477,-3.756511348429894
461,3.410806669700024,-3.774106171751504
462,3.426931576809529,-3.774536055122589
463,3.463228534674749,-3.789802063649959
464,3.463103344658095,-3.768738498171004
465,3.411689515404407,-3.764108238315321
466,3.423486550096656,-3.7524249504163
467,3.409220112711874,-3.741148978003375
468,3.433068265766649,-3.749520653515622
469,3.445271935264275,-3.760222827951075
470,3.457873065637537,-3.737277740988542
471,3.463417299685176,-3.740869912016707
472,3.355993830416661,-3.726864348123851
473,3.370972083377071,-3.732991896867726
474,3.380248371842669,-3.730589035365874
475,3.385551400278712,-3.715623366837342
476,3.382045659120199,-3.710204632358189
477,3.39965458828428,-3.703388414789929
478,3.436010361852282,-3.724317162704894
479,3.432500209703945,-3.722839288290275
480,3.460704404269751,-3.71317471533507
481,3.411384831826985,-3.699876888665828
482,3.428696507273837,-3.694312735673462
483,3.449602732881507,-3.686575421479602
484,3.46725747734772,-3.765343813837899
485,3.50183078869267,-3.778259431361842
486,3.514234199006664,-3.767535453001617
487,3.480070373983397,-3.759468468021442
488,3.482641019634204,-3.738421696395417
489,3.510492020060586,-3.742976412946247
490,3.528327575537332,-3.788662965900198
491,3.570316569017713,-3.783219990210755
492,3.570993250360587,-3.780500987451834
493,3.548726362371476,-3.766150837107991
494,3.549771371484929,-3.765335987616224
495,3.563520549468832,-3.760451751661377
496,3.567586880044568,-3.747924093794209
497,3.492564985841713,-3.734150219260441
498,3.486410317524285,-3.704552043301166
499,3.51881470694084,-3.69763172442293
500,3.519317027659968,-3.696871856432
501,3.529956264492192,-3.730780109765957
502,3.560637451991277,-3.710407565238049
503,3.574238083816804,-3.712662570083523
504,3.52355560065932,-3.69494015750486
505,3.537371480412651,-3.70524650946796
506,3.542961029167539,-3.699707058800352
507,3.527701990763415,-3.683877827929301
508,3.528232367823683,-3.682738296453544
509,3.546590728606779,-3.689772848719823
510,3.557906182616156,-3.703422945351693
511,3.571217461883916,-3.707132028402126
512,3.549890326506653,-3.681085519175233
513,3.363832427087172,-3.673301237835077
514,3.381154100306326,-3.677518154158305
515,3.37309490250069,-3.63623248226135
516,3.384675689369967,-3.636572140909032
517,3.387137471010679,-3.635363497961342
518,3.400169951622894,-3.629286589323037
519,3.435365651842959,-3.678483162101905
520,3.432939933600442,-3.664230160713904
521,3.460578669457274,-3.654063159085231
522,3.380579200708411,-3.620653863842014
523,3.379230415060693,-3.606448375393706
524,3.392727571791911,-3.595079469871087
525,3.382937076681265,-3.584550700093955
526,3.41856557403157,-3.613268102777142
527,3.438679910742069,-3.619048630484093
528,3.439898218868569,-3.613715624353921
529,3.422884579523373,-3.595838558703671
530,3.440042585575318,-3.575185867783034
531,3.460918712734565,-3.5803325581461
532,3.463338061634125,-3.58131805150949
533,3.472934335995815,-3.664560470866047
534,3.477959117870111,-3.65538136115135
535,3.517223150136982,-3.67655784725222
536,3.49847852351274,-3.664536509373883
537,3.491349112076931,-3.646354927484817
538,3.489110247701721,-3.640212856065136
539,3.489272103850383,-3.640427926022733
540,3.49795654649982,-3.651103200078425
541,3.504397539480535,-3.639923419076715
542,3.496207611682973,-3.638107298470843
543,3.529555788849327,-3.66738899894071
544,3.530916056293632,-3.665423479187695
545,3.5386743086912,-3.662161087671615
546,3.558873048070955,-3.663300320476497
547,3.558862650862159,-3.662092633733038
548,3.570928267955984,-3.663586953036785
549,3.572525685536881,-3.659354061764471
550,3.531438777736986,-3.627471652175652
551,3.572878643614074,-3.650516651915849
552,3.483118606714918,-3.610936618382267
553,3.478940512244505,-3.604844388110027
554,3.507344623635619,-3.619774052241429
555,3.518426159743712,-3.620450658058874
556,3.500885820057775,-3.600044157013607
557,3.500777759127054,-3.599524127847262
558,3.485483569360714,-3.57471538181698
559,3.53336397441335,-3.622318879166807
560,3.52259967193629,-3.612722333890098
561,3.541490793607959,-3.61747934257814
562,3.554374793040417,-3.607731124601677
563,3.555535807734792,-3.608412241340476
564,3.563579951665389,-3.608024340978571
565,3.542710234820782,-3.586886678012827
566,3.530278600363852,-3.577768086169444
567,3.548371301856773,-3.573951108521796
568,3.662545332678711,-3.903863959077302
569,3.715207734105509,-3.871650800061625
570,3.659250799303619,-3.742309522044748
571,3.621407714901139,-3.632367647120227
572,3.966548515356159,-3.762383763014387
573,3.606371109626862,-3.993707471761413
574,3.610041644089341,-3.959420748401606
575,3.630692242909029,-3.967402213389247
576,3.679419089628678,-3.996781032845576
577,3.635491370054069,-3.985738962126413
578,3.639212588632968,-3.973400251666187
579,3.669412980472746,-3.966117415224401
580,3.587487071238416,-3.951929899948057
581,3.589790715092145,-3.9445245804171
582,3.612876921408808,-3.954541038227263
583,3.621437212486687,-3.955804345427647
584,3.620669672661028,-3.946805059917293
585,3.60080178524653,-3.923469060990656
586,3.60552743303568,-3.924745083159332
587,3.620688332401887,-3.915610161309027
588,3.621098015469673,-3.903014573371737
589,3.658594431753244,-3.954686967554556
590,3.642628034441846,-3.94027499478533
591,3.650569112629274,-3.936355316876356
592,3.659212411098952,-3.931902151677435
593,3.664835138530504,-3.934293638482487
594,3.684946415814423,-3.932383893287966
595,3.640905122823749,-3.925406951554833
596,3.65119564301038,-3.921609732827127
597,3.650431082907736,-3.907179828893936
598,3.672126139221972,-3.908733531568302
599,3.67253222046667,-3.908234060013657
600,3.741405061962722,-3.997341777308853
601,3.691219884276562,-3.972605178346167
602,3.722316299263353,-3.984740124536754
603,3.745124404275733,-3.973988557499671
604,3.759375943958036,-3.961813599486783
605,3.786361799579812,-3.961364904515063
606,3.700443966251533,-3.953761498695215
607,3.71736304763209,-3.939495982396659
608,3.740556791102998,-3.935332667381355
609,3.703857040880489,-3.926828411495109
610,3.702461020582553,-3.907610690510739
611,3.759625259463939,-3.956167318310448
612,3.769873161214867,-3.941920507148096
613,3.769333048502199,-3.932451469159788
614,3.789698793608953,-3.95271187799571
615,3.794119372473877,-3.955665752870972
616,3.776337322941291,-3.920686569394754
617,3.782439140527792,-3.918442274898297
618,3.772934065246224,-3.912355526730403
619,3.794498722326233,-3.907667140714012
620,3.589701274838805,-3.889634317606061
621,3.590342872056841,-3.887908091582437
622,3.581275895665133,-3.868215530547479
623,3.591279507788182,-3.872390409018526
624,3.592918515522805,-3.853247274931657
625,3.613843809378451,-3.874639848858211
626,3.635217489534519,-3.877093591183268
627,3.642672051003662,-3.873245832814584
628,3.642587931850046,-3.873031059457725
629,3.584681410711958,-3.837552502212333
630,3.594814532490585,-3.839310541537061
631,3.623736838260283,-3.834156848909898
632,3.583221205529103,-3.813760003493619
633,3.597338542339772,-3.81579870577036
634,3.610931956446404,-3.813493119886004
635,3.624543494565974,-3.7917950156663
636,3.633160242218308,-3.821710216624917
637,3.650123268517212,-3.821954204284215
638,3.650416472610779,-3.822315948288928
639,3.663836325287669,-3.826788075175603
640,3.632209712607749,-3.801523208629672
641,3.661149547026165,-3.81714661536166
642,3.670882852298632,-3.811425810685921
643,3.674189252699861,-3.816180133777875
644,3.682107454304066,-3.797646869735791
645,3.73086647178783,-3.880707334212219
646,3.731923846906513,-3.876996696828705
647,3.701150097972006,-3.873145838415939
648,3.715030288898756,-3.869704533998848
649,3.703319185935231,-3.863551022968613
650,3.715170215888037,-3.867338198397932
651,3.708076745215524,-3.850871551995447
652,3.702164153794481,-3.847483493391466
653,3.734237901622676,-3.867903860724203
654,3.720713107353165,-3.850458725466136
655,3.727600148419496,-3.849701646178059
656,3.736531347354575,-3.855594901876509
657,3.778887967167551,-3.900319447427829
658,3.776924213503818,-3.890409908715221
659,3.752880029865012,-3.870098460832196
660,3.767695845089686,-3.861662746832246
661,3.771464232635362,-3.859060287356321
662,3.775768122403139,-3.855878291791596
663,3.780152894247861,-3.851020902820472
664,3.793262642440838,-3.858214935558631
665,3.731129863170481,-3.84142041141755
666,3.737259606884536,-3.839979198192767
667,3.74259614463438,-3.820773089328654
668,3.705418165608108,-3.802105668045439
669,3.731101149599126,-3.811570875230963
670,3.76130152199034,-3.840414814231675
671,3.76000848842016,-3.824578892725006
672,3.765658950265465,-3.824054015577843
673,3.797820879982978,-3.842880458488184
674,3.772392847624703,-3.830222146325407
675,3.789576290249474,-3.822904067057926
676,3.789588496352748,-3.822634016984005
677,3.755050307337084,-3.815066589476884
678,3.766994723677747,-3.812841237882969
679,3.784449146283497,-3.801263674264214
680,3.813455533511081,-3.963117660250238
681,3.853738622517258,-3.972183197870537
682,3.895025066096737,-3.998706035222707
683,3.906061448159094,-3.993322084836804
684,3.872645879179178,-3.975893953417417
685,3.867530199410712,-3.960068537447294
686,3.884241631652039,-3.973244269466292
687,3.907650177277918,-3.980974405373937
688,3.821371876243592,-3.950835904884666
689,3.827629921370526,-3.939440719172434
690,3.82142972808791,-3.907306708235254
691,3.832317478246553,-3.906980385132719
692,3.872527843284842,-3.954114343534135
693,3.893665704607387,-3.934330938930787
694,3.862227588294728,-3.920751535100247
695,3.864415500233416,-3.918137083431712
696,3.904278475814773,-3.912334893228062
697,3.940021466139932,-3.998833739482263
698,3.940376816619031,-3.998247822474712
699,3.941231006421225,-3.998324905225472
700,3.943413033270427,-3.99428108434817
701,3.954153811732378,-3.984379391662142
702,3.997798637869776,-3.974757916004547
703,3.935520512748846,-3.948496186696568
704,3.912109193028002,-3.930939201072698
705,3.947994761441989,-3.933602138090749
706,3.921172135613037,-3.923749178676613
707,3.952513874938122,-3.919129133482002
708,3.947369150363812,-3.903582413917144
709,3.949764244506994,-3.903417171152436
710,3.959071710525637,-3.909190470136912
711,3.9587310308455,-3.905365731486904
712,3.980138323530743,-3.949694425131645
713,3.967913182910876,-3.924781458733085
714,3.991792443086109,-3.906527368579935
715,3.801802231652421,-3.888397793685153
716,3.825003541673847,-3.899580169019118
717,3.804860375211198,-3.886409984215458
718,3.802996792089836,-3.883477618011989
719,3.834819823903508,-3.879356576333146
720,3.807543636813002,-3.868843982926431
721,3.819177579177834,-3.873853577258829
722,3.812741703410334,-3.855429269686453
723,3.836211017844246,-3.864894776934417
724,3.83521718215877,-3.860495149803163
725,3.851025120536041,-3.868126252771458
726,3.841580734097426,-3.864774239873007
727,3.873933261837568,-3.879359450122841
728,3.887382264387652,-3.892138262695509
729,3.897367577864591,-3.889284206490995
730,3.894816050118513,-3.886419096378924
731,3.904513324108675,-3.881337726223025
732,3.893178712929749,-3.851986006479357
733,3.806574740098208,-3.829336414510645
734,3.831614397695819,-3.837897309671472
735,3.839048978972558,-3.825182652688049
736,3.815663047331005,-3.818397683751974
737,3.818968310082614,-3.817521916523905
738,3.805405338641568,-3.793249201813142
739,3.830304337058219,-3.814204457512695
740,3.841837862517291,-3.810591094405435
741,3.847880149704781,-3.808356398307316
742,3.846512663357182,-3.807719064895093
743,3.839053876966433,-3.792947223131146
744,3.872996962106926,-3.840556896976626
745,3.857842446643963,-3.814237785223622
746,3.863304085858781,-3.80270982567485
747,3.902105001576237,-3.814520201937531
748,3.887287884894671,-3.791656374152603
749,3.930212943313296,-3.876948706551934
750,3.953328794861662,-3.874866053606688
751,3.912341378332026,-3.870856331477255
752,3.911725482596226,-3.868752369211425
753,3.932211314149594,-3.859477957680954
754,3.978055305312018,-3.900623849776416
755,3.994537879387226,-3.892327759575024
756,3.993140086767956,-3.868360448663061
757,3.974786975496327,-3.845913839994859
758,3.912289545696582,-3.827645660526187
759,3.925317525602487,-3.830164577856317
760,3.920575386114342,-3.806784313265277
761,3.952347725024522,-3.801314551476464
762,3.951561204159019,-3.791351211890148
763,3.952395376598739,-3.801120136225134
764,3.993417087556362,-3.835676457642597
765,3.986728827248189,-3.824924664799785
766,3.977839873002873,-3.794795399631053
767,3.981836410560216,-3.796579789559297
768,3.590216598599453,-3.784484767543093
769,3.613230952669186,-3.768879049586563
770,3.576855344071261,-3.75174298107786
771,3.602075100066034,-3.755293023273095
772,3.586203898560943,-3.745413443444931
773,3.611159005888767,-3.753393256677769
774,3.653535873805212,-3.790369394612343
775,3.682277783887792,-3.77999395868305
776,3.68304675214551,-3.773050956621772
777,3.634044660272056,-3.736721320064725
778,3.657823735497212,-3.738367128443889
779,3.668074094674351,-3.763627276882052
780,3.594894036537185,-3.726425671342791
781,3.613465135631253,-3.709632702093192
782,3.581824391787823,-3.699819468703084
783,3.602873612025555,-3.690101860529604
784,3.613557131472522,-3.699764874004929
785,3.627991153889342,-3.691279429043385
786,3.638472543310559,-3.729018109346702
787,3.647896609730006,-3.730656339617804
788,3.645970649709853,-3.698727413645007
789,3.658331241454267,-3.70041403565271
790,3.671046119919589,-3.702784076923173
791,3.728562667452706,-3.77901480751707
792,3.73081634510943,-3.784653476374244
793,3.705250861943987,-3.746096243575681
794,3.730763753925206,-3.739679628526606
795,3.738083124911018,-3.740937609446321
796,3.753260103787613,-3.765267020115855
797,3.754087630945412,-3.749909320932134
798,3.759795967586686,-3.756653567116538
799,3.772520396105381,-3.74954399215436
800,3.788652874764618,-3.739001688966402
801,3.797825382587455,-3.73565173621164
802,3.68791500158937,-3.725774705886348
803,3.689942484817894,-3.725016567408976
804,3.712406964079446,-3.714944528819399
805,3.72735412934678,-3.710762794618581
806,3.693540693391984,-3.706123789940571
807,3.712293521072772,-3.700397061207574
808,3.739150076512914,-3.698639934720971
809,3.742190471920852,-3.697192610386176
810,3.744756966971183,-3.728933620726202
811,3.766798088677079,-3.71552646629266
812,3.780597207232973,-3.728286410344487
813,3.778524377692008,-3.716886252748667
814,3.784385575852138,-3.713854760950965
815,3.749033429940622,-3.694502754294021
816,3.762991720905946,-3.701744704036326
817,3.752257714449459,-3.689926117809023
818,3.776595882428322,-3.699040755649581
819,3.793037132994449,-3.69829427666529
820,3.785581690840936,-3.691365897972007
821,3.611324605886364,-3.673953685702935
822,3.584908912869098,-3.633461772093314
823,3.586433664238395,-3.628527164056684
824,3.60781705800074,-3.646208407602266
825,3.61895930085309,-3.632079231046765
826,3.648806891529448,-3.672995421667386
827,3.670027867126494,-3.679275293803595
828,3.686701910676629,-3.678676901197785
829,3.669451278676824,-3.655117202850934
830,3.674634175788599,-3.66008633110599
831,3.645337893743642,-3.626327708741722
832,3.684420965764073,-3.633313365475654
833,3.594000841070332,-3.602862899533785
834,3.595700071053675,-3.600329798985009
835,3.604680274057353,-3.599712766702904
836,3.604137276087232,-3.579781798627764
837,3.606935801663817,-3.593990579533696
838,3.634601550923756,-3.597026178867484
839,3.64352000362153,-3.598265669614399
840,3.655519707701021,-3.602383705815235
841,3.657660102715245,-3.602614061895317
842,3.669681810993962,-3.622677325047456
843,3.661757422842236,-3.614991259621908
844,3.639101054406803,-3.575021138395025
845,3.661156386977295,-3.581257879722248
846,3.695615757208924,-3.666083039103768
847,3.69108201344392,-3.65894952256154
848,3.706803340499345,-3.642930001968044
849,3.717195313269771,-3.632102309711565
850,3.741616340291878,-3.628004961955834
851,3.748161510395813,-3.676365001666008
852,3.750111951025986,-3.669140930414464
853,3.763779452137024,-3.64156396349868
854,3.763580030449307,-3.640615715261503
855,3.77764244098443,-3.647118631121398
856,3.789402914735218,-3.633506137847028
857,3.706448542093898,-3.604765502528551
858,3.734912245802499,-3.607304975070016
859,3.735514811617183,-3.598941079472873
860,3.695414973058672,-3.591495702061722
861,3.69720640657824,-3.58413574299898
862,3.699558798011226,-3.583087197172334
863,3.703415736232456,-3.576111055362595
864,3.766763862269288,-3.623026832431433
865,3.768263370917495,-3.616414738751318
866,3.76006684195253,-3.598569455474426
867,3.784599698022209,-3.614583380270151
868,3.790976277219655,-3.612814259602203
869,3.749219825650676,-3.59299131043851
870,3.746579812823872,-3.576094351945158
871,3.819369671547292,-3.786673213758745
872,3.801235152193412,-3.764499406730561
873,3.831063050186755,-3.786110356546856
874,3.832931984806949,-3.7860739630175
875,3.844784997456177,-3.779255541517879
876,3.851476669960827,-3.780306071926021
877,3.799966408858928,-3.755743711420519
878,3.803848781496282,-3.750182495611467
879,3.817322949298877,-3.736684581629139
880,3.838526199776332,-3.737314327547112
881,3.864913696063759,-3.790134642239591
882,3.867121467556002,-3.776668314844552
883,3.877057460598709,-3.765893341879468
884,3.888718454264911,-3.784922074011516
885,3.899748892163697,-3.78865046249518
886,3.898584458941317,-3.780805978431494
887,3.888496329399213,-3.745091843590294
888,3.844191297382435,-3.734029091274916
889,3.825228260090826,-3.69708495473676
890,3.843235055224531,-3.692730018871272
891,3.848068726198584,-3.691221000568222
892,3.867497498783125,-3.728782506959134
893,3.872349466563617,-3.724566428581299
894,3.905700202955869,-3.716144217066225
895,3.879107712076586,-3.683289832485291
896,3.881211348650043,-3.680994488137856
897,3.927384500495747,-3.765099921292143
898,3.921734848715995,-3.760268899951926
899,3.91071105242378,-3.740185276644585
900,3.932737437216727,-3.737637643706245
901,3.939641802147702,-3.758456504761275
902,3.943549602368063,-3.752994161864562
903,3.972853966865871,-3.767817420640845
904,3.986722453136806,-3.759294515933566
905,3.988094513966755,-3.759988790934488
906,3.990182466995972,-3.752256340098762
907,3.91489026287836,-3.733261884742832
908,3.93733452250166,-3.733658276809332
909,3.915516517012875,-3.719717304166378
910,3.930212738080984,-3.719181114179688
911,3.940267337584169,-3.709966200751793
912,3.917812129749566,-3.704527802339982
913,3.912714081859115,-3.682807091382731
914,3.935419740492324,-3.69031066429882
915,3.95323924283559,-3.699168153427399
916,3.959374081372463,-3.699067614454498
917,3.978164977737111,-3.732627901935974
918,3.993970194973232,-3.726275114332512
919,3.986580024590056,-3.707754362225939
920,3.997672978555401,-3.716377938470144
921,3.970051888832479,-3.703497380326589
922,3.985250069215871,-3.679840758729793
923,3.802940262178529,-3.656625344595398
924,3.816469156647124,-3.6583954067279
925,3.813839431134428,-3.631923498750373
926,3.827980056968219,-3.642046626682362
927,3.844748227233846,-3.64970191136992
928,3.856025540970779,-3.665661010136682
929,3.882406510034547,-3.666116301917326
930,3.902276383950174,-3.668794817586663
931,3.858487365908019,-3.639021435632327
932,3.876466302597983,-3.649590289582081
933,3.88366156555456,-3.636749062277423
934,3.816970885761543,-3.617182191577339
935,3.844364859108766,-3.615292894064784
936,3.85147623429561,-3.603256521798959
937,3.809000364053535,-3.588110177823178
938,3.841123015008988,-3.590891414149076
939,3.850477525240089,-3.58663127561893
940,3.860761992702786,-3.597729072237796
941,3.877273538175657,-3.604758667621566
942,3.892845674370337,-3.614818078842921
943,3.87094343502993,-3.594052877645945
944,3.872894533946666,-3.575495185090613
945,3.884242913595569,-3.595741091299764
946,3.90879624037491,-3.592043518975908
947,3.9353463122111,-3.660368741465171
948,3.940931908364739,-3.669526335722768
949,3.950025057122339,-3.663614300244026
950,3.917836499731842,-3.630400572695168
951,3.964634235666765,-3.645378601980577
952,3.974123490369274,-3.638269965442145
953,3.933567375044902,-3.61725853043284
954,3.964871888433527,-3.620904224468414
955,3.951627339135138,-3.601768059048133
956,3.934685209777036,-3.57665007662165
957,3.934954309128712,-3.576696904215857
958,3.980511520472131,-3.611868158089921
959,3.985184742837203,-3.606629919632935
960,3.971609661405175,-3.579172094739986
961,3.986431743874521,-3.572634131169595
962,3.02301810055351,-3.55953086099635
963,3.039000893646641,-3.529665765166455
964,3.127721683008509,-3.38796161089126
965,3.126288490909849,-3.286507582299875
966,3.123448341147388,-3.284684040472004
967,3.125872199332451,-3.28533078471649
968,3.097386444402909,-3.148602353519264
969,3.01817719155492,-3.533731342595125
970,3.015156434658187,-3.514778105410969
971,3.006968567971152,-3.465053822706396
972,3.02969855259271,-3.557098194540944
973,3.039799738178587,-3.54803693780994
974,3.049788138979959,-3.554611951056648
975,3.055196887463407,-3.545091607370807
976,3.073961753093149,-3.546628415965253
977,3.038603273618494,-3.5338782987099
978,3.037355173311366,-3.52992759294211
979,3.039351071646003,-3.525514966676072
980,3.044826128454245,-3.517982438652355
981,3.051346478537582,-3.537141380752906
982,3.068438180673032,-3.54136345993149
983,3.082736232567184,-3.563156555468465
984,3.084625047056097,-3.563345117662494
985,3.095622981311409,-3.565827919398642
986,3.123584642280373,-3.567624348778134
987,3.105137618618117,-3.553107897196315
988,3.083077987020027,-3.517821661218013
989,3.099849230363038,-3.516333078005333
990,3.114410393725723,-3.527878895093859
991,3.051851265706704,-3.513672347110769
992,3.052287009011631,-3.488053544336872
993,3.072529640233213,-3.480947135723631
994,3.049277549901734,-3.468586838900379
995,3.082847396318426,-3.504603119994614
996,3.08909141588453,-3.498478349254244
997,3.108413693643772,-3.51252609667093
998,3.101914810547704,-3.466863034027214
999,3.123514091645572,-3.481193179870979
1000,3.102397036969287,-3.460564401502574
1001,3.000283802474074,-3.433864083779426
1002,3.000339195156368,-3.433693855058476
1003,3.004857426869957,-3.424764820990816
1004,3.002192106791719,-3.413193666112586
1005,3.004836105191089,-3.393886539210246
1006,3.016050889565941,-3.395538037792479
1007,3.018216234397984,-3.378554667159974
1008,3.052115088567886,-3.453282054296097
1009,3.043989517838097,-3.408690637083776
1010,3.076903860458077,-3.448719555519038
1011,3.097148356545143,-3.439584936724214
1012,3.075229887195235,-3.429479958178396
1013,3.089759447590424,-3.423796651139513
1014,3.09415324409256,-3.41370463220908
1015,3.112738889066088,-3.431890636137931
1016,3.127136022760187,-3.421217194029708
1017,3.044067380678448,-3.369413747179635
1018,3.048973645777256,-3.373970717108211
1019,3.057671884926069,-3.362204982931169
1020,3.073915680436991,-3.350722871035881
1021,3.080078021229083,-3.396460180212503
1022,3.090555476596984,-3.395591313991136
1023,3.089980956482298,-3.395403182828324
1024,3.116843424132893,-3.390459712024009
1025,3.117832387915804,-3.385106253822772
1026,3.129220105869216,-3.390106810033038
1027,3.09151916469603,-3.369692359900993
1028,3.00215743665477,-3.338163201629155
1029,3.013424904868866,-3.339688671723703
1030,3.005460602593099,-3.297830550879427
1031,3.010075921261172,-3.29559795133652
1032,3.003859946508862,-3.29163839912587
1033,3.013963800223466,-3.289768344420453
1034,3.003118170683253,-3.276570869403482
1035,3.00449358375552,-3.263132865832591
1036,3.005356593839531,-3.263558940435063
1037,3.029196876150857,-3.327036211363906
1038,3.044910449987016,-3.321299430121557
1039,3.070518518685222,-3.345435376471497
1040,3.021267923329456,-3.316323474418867
1041,3.059357776543869,-3.295400883497732
1042,3.076266427987352,-3.330514314585233
1043,3.103483822593205,-3.331422025760586
1044,3.117040663927774,-3.324246673681167
1045,3.08308536619968,-3.310595208400077
1046,3.127644585058124,-3.314229197855168
1047,3.13007030600918,-3.301105610875407
1048,3.056168643002449,-3.267445615744485
1049,3.063141414348529,-3.267109529022313
1050,3.066983654116883,-3.267650218803508
1051,3.069869577556866,-3.269485960892912
1052,3.027660662281781,-3.255944938411287
1053,3.031802648017575,-3.256071777087267
1054,3.033236063042485,-3.265116379361148
1055,3.045309831056111,-3.262891670656212
1056,3.054485776435734,-3.262513362620176
1057,3.058579549392456,-3.242898274363686
1058,3.076166305191429,-3.283620955287118
1059,3.075743516001165,-3.280080902477799
1060,3.085021387854129,-3.275125701173176
1061,3.088011649789367,-3.274798434851888
1062,3.121491918240458,-3.287093049409112
1063,3.128727295096986,-3.289028846801727
1064,3.127498468127306,-3.287060248388539
1065,3.121929254003415,-3.284805032385488
1066,3.10860797049741,-3.276990970231002
1067,3.11567706107898,-3.277439227174142
1068,3.11930439648451,-3.277112335863722
1069,3.125532918303124,-3.269994789097113
1070,3.081746730258833,-3.252110199157522
1071,3.082919775132776,-3.243266791568585
1072,3.095275326186463,-3.250352646889878
1073,3.094995130301704,-3.238385982911439
1074,3.095772132870687,-3.238165254099077
1075,3.118247739670633,-3.251063113122023
1076,3.114928385031805,-3.250569283440776
1077,3.123878734084204,-3.240760454576422
1078,3.125068265422839,-3.240826497658068
1079,3.010463721141252,-3.221420623947259
1080,3.014047788818437,-3.202838899596783
1081,3.000417277114701,-3.190314553933252
1082,3.026580922951027,-3.236320064232037
1083,3.038777131981174,-3.227066855179976
1084,3.038377369533371,-3.225339775263613
1085,3.0386877792174,-3.224805833164482
1086,3.030541805354601,-3.22156314757056
1087,3.042125519042472,-3.218671877858329
1088,3.06496632587005,-3.211042871479911
1089,3.041753228799844,-3.199797564079943
1090,3.071781144452553,-3.195824068573601
1091,3.081510287551457,-3.233592773406904
1092,3.07489474857276,-3.229644201211338
1093,3.123989688253518,-3.209545375800908
1094,3.089094704060427,-3.197367149338144
1095,3.090782696930448,-3.187895607924732
1096,3.107274675296845,-3.192899895295545
1097,3.121469718610005,-3.192844575594172
1098,3.120206636350317,-3.184197763297588
1099,3.028141517445139,-3.164550246427732
1100,3.049958892509561,-3.156433016354692
1101,3.065946381680409,-3.165359777646541
1102,3.029717644125619,-3.148210368096213
1103,3.03629152992544,-3.134770555778118
1104,3.057131669479434,-3.153124551923704
1105,3.051106412296469,-3.143596908452539
1106,3.06402805541489,-3.139793420549029
1107,3.062031271304369,-3.130389420090521
1108,3.095446410625316,-3.18094606809356
1109,3.090639693320178,-3.163805828771404
1110,3.100419641024541,-3.161666226942789
1111,3.103464345024991,-3.170230149669135
1112,3.127927643682863,-3.176142407198821
1113,3.111495322216005,-3.156970787701827
1114,3.125753888208894,-3.155953692139818
1115,3.097415073790251,-3.148743351118124
1116,3.083246848503378,-3.131619331122999
1117,3.124016348109263,-3.152377561870515
1118,3.125637947913674,-3.149647718480039
1119,3.125760742949796,-3.129001441266233
1120,3.139635584925399,-3.564041970937396
1121,3.149011872052707,-3.570797612764076
1122,3.172730130729578,-3.55128535796897
1123,3.185281067896011,-3.552351630543578
1124,3.142422879596889,-3.526399564456219
1125,3.141925383185569,-3.519732812771226
1126,3.146430973791287,-3.519047604408256
1127,3.14646250030628,-3.518870881319919
1128,3.173823155824291,-3.534404189602597
1129,3.227394614754234,-3.549348551560697
1130,3.237059343581502,-3.554860404831049
1131,3.186625110514623,-3.542380969183491
1132,3.190261340572076,-3.526252822898438
1133,3.198436064615922,-3.526944863583559
1134,3.226830929103869,-3.534311468844092
1135,3.229074628659651,-3.532998745646898
1136,3.157556364077606,-3.512122469470166
1137,3.152894945955328,-3.51171502360674
1138,3.133633586404482,-3.501201844545299
1139,3.231583569155827,-3.381025207415655
1140,3.153850588294885,-3.488701994984357
1141,3.365460112219057,-3.475031752332851
1142,3.421391997658766,-3.494741405567159
1143,3.437671655507085,-3.510304104091686
1144,3.496113224857051,-3.532194481277573
1145,3.42176815748438,-3.348809335219697
1146,3.491878821237119,-3.36939646073822
1147,3.322072954012385,-3.244189536752394
1148,3.167840389945299,-3.158934864388737
1149,3.226418521847343,-3.154569087432957
1150,3.413821632068941,-3.334784527579957
1151,3.142225161320705,-3.486041600927827
1152,3.132791671342539,-3.479553599082632
1153,3.480219703144767,-3.267070852641446
1154,3.147393734892379,-3.467936040366473
1155,3.152771503166514,-3.467859065663173
1156,3.168082893152644,-3.480151458769903
1157,3.168963045565917,-3.479876484478684
1158,3.226774989995185,-3.504857033346602
1159,3.231907257144632,-3.49250212536601
1160,3.188321828247789,-3.465959448300643
1161,3.222937492447755,-3.477291894128712
1162,3.223752960470077,-3.468811555695874
1163,3.234208354046176,-3.470503586559067
1164,3.254473755433511,-3.550936466249466
1165,3.256472887622696,-3.550273272629885
1166,3.261261648891659,-3.550157601483562
1167,3.272619959883787,-3.568832573824801
1168,3.282678318826182,-3.561605162541167
1169,3.331118702503753,-3.547944396924306
1170,3.342693973643813,-3.552397278798698
1171,3.323273026143899,-3.521208487158242
1172,3.333237891769152,-3.542070613826352
1173,3.342679090940387,-3.530818463402221
1174,3.250196668755076,-3.504415790152568
1175,3.246224074106337,-3.49709356169485
1176,3.2601504924181,-3.487410057784829
1177,3.28530884682408,-3.508313043203228
1178,3.284640233884318,-3.504328882856262
1179,3.271358532949423,-3.4908060232486
1180,3.280952835753157,-3.487124158326623
1181,3.291682753343475,-3.49838726338183
1182,3.252023583675628,-3.484119405983139
1183,3.275689729765177,-3.475281495496574
1184,3.287903426142867,-3.482226126964542
1185,3.290336272196988,-3.47773315216276
1186,3.294583513158758,-3.469761572572855
1187,3.348508919117313,-3.487699340449865
1188,3.298123187458946,-3.486697099767718
1189,3.31672489923737,-3.476019025807769
1190,3.316661497643298,-3.475886022344078
1191,3.304306868896387,-3.46756722103895
1192,3.339604530576169,-3.48344061898422
1193,3.343477127588056,-3.474367477216368
1194,3.325603104134351,-3.466749771947245
1195,3.328295828041468,-3.463830678854425
1196,3.337165818846395,-3.463129908503801
1197,3.140043494167579,-3.457221910065084
1198,3.130908617031576,-3.435352306365145
1199,3.17338500063536,-3.440165195512572
1200,3.136199601410728,-3.42690490968772
1201,3.140224560811295,-3.429493333305504
1202,3.13148912833096,-3.420977012680703
1203,3.165940846799748,-3.426656632974402
1204,3.177255308233658,-3.42287219233773
1205,3.172453668135059,-3.408163240193769
1206,3.178687284100118,-3.410190176900275
1207,3.178488068507072,-3.408686478952972
1208,3.210239564319723,-3.449982900941714
1209,3.218976999869018,-3.44561209336603
1210,3.187801491282654,-3.421853551343452
1211,3.186278036403198,-3.420654659066606
1212,3.200597397065451,-3.420992873437655
1213,3.191173362640694,-3.416604369105451
1214,3.195303269032105,-3.40842886118924
1215,3.234081060386543,-3.430235438611434
1216,3.221343980200477,-3.411689389026678
1217,3.224039862304215,-3.409311510522541
1218,3.223959444664588,-3.408458532198413
1219,3.226438805023732,-3.406169517747676
1220,3.22674119004691,-3.406201731746886
1221,3.229813418714223,-3.414836731528981
1222,3.134485971076614,-3.400847132219204
1223,3.139990566037905,-3.389686105792277
1224,3.17641841963151,-3.401059756278597
1225,3.178243777360261,-3.393455247284268
1226,3.145157991439365,-3.367189890828618
1227,3.136476118698206,-3.355508149028506
1228,3.159027901453447,-3.349678542338293
1229,3.197378796853972,-3.393329793640404
1230,3.198738911963255,-3.391051009791605
1231,3.200912043862497,-3.391091129385195
1232,3.218947165886248,-3.394360896060076
1233,3.218426950611674,-3.377507615733885
1234,3.227866554473017,-3.383484221732129
1235,3.231899557010757,-3.383716051544432
1236,3.231781662135544,-3.379561505365373
1237,3.206011950812026,-3.366807581969155
1238,3.202441729309328,-3.361752815062342
1239,3.225735335237806,-3.359626348474545
1240,3.253624388728333,-3.454737011539038
1241,3.245373745440756,-3.432693482565751
1242,3.266196221445849,-3.432887371725822
1243,3.290870139784862,-3.452450416026725
1244,3.248066110988005,-3.428518090730086
1245,3.256116940821526,-3.419298740421348
1246,3.297058016404856,-3.419322516546169
1247,3.273017162525238,-3.416237429811553
1248,3.285877407273351,-3.417053906305236
1249,3.292136291891869,-3.407175225784187
1250,3.320319936746837,-3.44587393263304
1251,3.32753380444264,-3.44671513498301
1252,3.342870441493687,-3.451063659684041
1253,3.31734074567734,-3.430943907657241
1254,3.311529878543675,-3.423695401639294
1255,3.302358581899814,-3.417170302347893
1256,3.298954492630388,-3.406996032757341
1257,3.322883206218275,-3.407919288433717
1258,3.334993569108237,-3.430888363796579
1259,3.341499052984663,-3.430089550507984
1260,3.333520561387513,-3.410666367665323
1261,3.352803084103441,-3.414231382731699
1262,3.253110583135876,-3.384560521915923
1263,3.267278684247656,-3.3891600975613
1264,3.296584218180509,-3.397340507662203
1265,3.281148469526421,-3.378504229946597
1266,3.260346398352969,-3.373404645616698
1267,3.261394964515271,-3.351986270384228
1268,3.268985832127312,-3.348300211938836
1269,3.309887329065719,-3.402034864031789
1270,3.297736642292377,-3.392385898844309
1271,3.305703390368507,-3.394110708040522
1272,3.315148064187774,-3.377880762525125
1273,3.341216730147849,-3.397957419728004
1274,3.343756840010381,-3.395349207107495
1275,3.345753289870358,-3.385145687952133
1276,3.351236932629503,-3.382611322755653
1277,3.341158429621004,-3.377903581851182
1278,3.346881509624142,-3.377182729156141
1279,3.325177392328183,-3.36576903932994
1280,3.305428213167187,-3.348988072478716
1281,3.329015268967499,-3.36203852940216
1282,3.351998983366142,-3.36483258383571
1283,3.364377062331789,-3.552340757240178
1284,3.395029605010843,-3.565788593841031
1285,3.362923499135825,-3.537472913002271
1286,3.361880567857255,-3.534117781665286
1287,3.396009372685381,-3.530654507159512
1288,3.422580853960226,-3.552042608291047
1289,3.464562003488456,-3.558801423043033
1290,3.438944576380306,-3.553373945893215
1291,3.436846446911676,-3.529021905817728
1292,3.43784509013246,-3.528777597009377
1293,3.443350888808392,-3.521269260888163
1294,3.367974036880718,-3.500743070190323
1295,3.370451758748164,-3.499321197173775
1296,3.407843795222289,-3.489314277637451
1297,3.366608680972834,-3.479412117824057
1298,3.362681311443079,-3.468165989463191
1299,3.35600379172128,-3.461631621402045
1300,3.394502832895439,-3.465155234665867
1301,3.393335546050236,-3.463765492958827
1302,3.412974573330574,-3.507290967074433
1303,3.425689419451244,-3.512991708724845
1304,3.424539510828081,-3.502021698725108
1305,3.409379912887436,-3.486853353485462
1306,3.418054126726332,-3.491916318603963
1307,3.431899173069266,-3.487549823702778
1308,3.439056798146553,-3.497923910634439
1309,3.460892768244272,-3.499160869830873
1310,3.461501101774571,-3.497459563623042
1311,3.450961352701539,-3.491524794895884
1312,3.436612564310229,-3.477245328982896
1313,3.413977820325038,-3.46441414629113
1314,3.473328749192821,-3.537544386212571
1315,3.4913690299861,-3.540389504042073
1316,3.505195914502747,-3.539899348798889
1317,3.512860889843778,-3.51514913521001
1318,3.550612936337911,-3.541968187412709
1319,3.572221413373766,-3.550457709397634
1320,3.523541454703735,-3.530844468739153
1321,3.537408442003885,-3.539313036227813
1322,3.534443131078672,-3.527290912638022
1323,3.549721517090452,-3.535603456685565
1324,3.557396554062867,-3.52475483659682
1325,3.485145160237348,-3.504581298785658
1326,3.483741156406106,-3.503181561037215
1327,3.494217944238653,-3.493507120083238
1328,3.52594935818342,-3.489014501561101
1329,3.539107839690955,-3.499054603761975
1330,3.571100441121007,-3.503269491681211
1331,3.570364737377201,-3.493494381179118
1332,3.545763226981514,-3.466405929868237
1333,3.555804957814798,-3.473753988451014
1334,3.568245671332416,-3.473556491809815
1335,3.356461029661097,-3.437336024560362
1336,3.371484070353899,-3.414799378038778
1337,3.385214209003992,-3.404810542209323
1338,3.417833811578583,-3.444027544293995
1339,3.423558560321011,-3.437353107114679
1340,3.441718684578233,-3.450413960343019
1341,3.463681779238468,-3.435084664888243
1342,3.411974556179548,-3.420914377313967
1343,3.433484288312145,-3.406951319704864
1344,3.434869688498798,-3.405294849725461
1345,3.443167588644339,-3.427338023958238
1346,3.438070666280351,-3.420612879510756
1347,3.359913571644092,-3.393584805972126
1348,3.359518914279318,-3.390178179313623
1349,3.372007548957395,-3.393993612002177
1350,3.382178485726901,-3.401192429251295
1351,3.366618989925834,-3.367877911258581
1352,3.395782100156123,-3.360679744249838
1353,3.395810817342835,-3.34774958489527
1354,3.43353874469869,-3.379926217396199
1355,3.413786917612641,-3.370484264641266
1356,3.417033471593067,-3.350704342706038
1357,3.424147344350352,-3.34981249961439
1358,3.460167868378663,-3.371160244056644
1359,3.545362889912478,-3.445350527437348
1360,3.552375058765894,-3.448990757715788
1361,3.564262527715317,-3.434618927518915
1362,3.56794073290567,-3.43131905475557
1363,3.553486204770379,-3.424733167409001
1364,3.565191382148971,-3.423433341137433
1365,3.570477593536156,-3.42071963806188
1366,3.575179738292415,-3.421474512534735
1367,3.556049702840875,-3.407447265427666
1368,3.477748287053765,-3.391662024366445
1369,3.474384603381307,-3.385695992064888
1370,3.483774996528742,-3.380301704978601
1371,3.46672524599096,-3.360399051492696
1372,3.487555281541569,-3.35344491300408
1373,3.53203926091315,-3.392372241754674
1374,3.572262991695676,-3.401813348472034
1375,3.556904645447102,-3.386444691265113
1376,3.564144871049472,-3.382044001007742
1377,3.541182121608782,-3.365207584558747
1378,3.542265278510115,-3.354597680918197
1379,3.131196215399882,-3.3225207792337
1380,3.148253407578891,-3.318180676654566
1381,3.184420576675818,-3.309648080580173
1382,3.193209156314455,-3.334973222252122
1383,3.209572402843658,-3.338332231809501
1384,3.213331596006039,-3.335918793572823
1385,3.202850676251677,-3.327788901312904
1386,3.206808258823191,-3.299653707828542
1387,3.202508486216587,-3.294386112793298
1388,3.132599334263716,-3.292623683361884
1389,3.147088394797471,-3.290339712624438
1390,3.152777316271477,-3.290718714583879
1391,3.142461125388775,-3.276146168699337
1392,3.157614896933885,-3.278630767214548
1393,3.15338179553882,-3.268418606397157
1394,3.172654261817582,-3.289094052507959
1395,3.147273986005424,-3.239075745767923
1396,3.181972981042946,-3.24647624078648
1397,3.200979552950829,-3.285946003163824
1398,3.202349552189955,-3.285799348712778
1399,3.192442064311598,-3.275545132492862
1400,3.189038074863046,-3.256007112184954
1401,3.203426658262773,-3.254928438093633
1402,3.192926935380081,-3.247384007729779
1403,3.197622602006119,-3.25004283958123
1404,3.237552080300082,-3.25811774014573
1405,3.217024506188935,-3.241847956977769
1406,3.24816752104794,-3.332645048854524
1407,3.269875235792142,-3.341289478157252
1408,3.27185087491108,-3.336446584439677
1409,3.273028021872274,-3.320132687041516
1410,3.254548890699166,-3.309091848057032
1411,3.265560898992423,-3.313810568441969
1412,3.24409877867545,-3.301779517859164
1413,3.263115975196285,-3.300703852396937
1414,3.2575990466264,-3.299159652536911
1415,3.265359159125372,-3.297453622654993
1416,3.306835728967113,-3.336482837120818
1417,3.309020865387098,-3.319979302312683
1418,3.328404136688762,-3.338794810626851
1419,3.337669896004556,-3.328451946343941
1420,3.303323666029389,-3.307436610293731
1421,3.348183233985848,-3.310810965193738
1422,3.347280559720404,-3.293908873964178
1423,3.256782251215304,-3.282055387261994
1424,3.258197612596508,-3.279457846487679
1425,3.243135555897177,-3.248802636975415
1426,3.273348497220445,-3.258995488388787
1427,3.288423033026882,-3.262602854873257
1428,3.311745138184695,-3.291725314644059
1429,3.32802961511938,-3.267940373676562
1430,3.313844490862258,-3.245685784244062
1431,3.31936136167486,-3.249343070690483
1432,3.349308338016603,-3.260866525179446
1433,3.33123958192842,-3.240930949815645
1434,3.138312912296686,-3.222113955167663
1435,3.152687864097208,-3.222179678760799
1436,3.176106118677738,-3.217392334028532
1437,3.139709066779106,-3.183893516888546
1438,3.150679209735178,-3.188909543049013
1439,3.165268357623881,-3.201684724257506
1440,3.174679282410637,-3.196826596291783
1441,3.179334250829171,-3.20194895106797
1442,3.19841567601088,-3.234053052604544
1443,3.195446938329114,-3.21069410175759
1444,3.230439131327016,-3.220422932040578
1445,3.238242744256465,-3.198275829310747
1446,3.171221640456241,-3.164430349043659
1447,3.158578759756241,-3.142471647829968
1448,3.189971514919922,-3.176661610200412
1449,3.19402194218325,-3.157360878927671
1450,3.233375153674627,-3.172559023355348
1451,3.234090141958367,-3.162041582157506
1452,3.231513384358653,-3.159637679649056
1453,3.203412443557006,-3.139415657795862
1454,3.237465862346788,-3.145918849659749
1455,3.223574632417961,-3.1266791204627
1456,3.233496059220383,-3.136049836806484
1457,3.23206975351443,-3.131654168395056
1458,3.239335235148587,-3.127293448978117
1459,3.243272648417292,-3.225904837430444
1460,3.26013548216712,-3.215372846509482
1461,3.290018044569632,-3.212561578452891
1462,3.295276302486843,-3.21275175806178
1463,3.304761704840418,-3.234226450426962
1464,3.327728001515607,-3.228964238275727
1465,3.334455253237932,-3.221940631023394
1466,3.297726672377532,-3.207371746777243
1467,3.315031375624923,-3.196244647364062
1468,3.340439452932247,-3.183571152394768
1469,3.2834373231915,-3.177159705389759
1470,3.278709002724725,-3.165547483984978
1471,3.27039141356773,-3.159942751085738
1472,3.29441356073884,-3.156401327456807
1473,3.254874263075336,-3.148633178617229
1474,3.247061617451183,-3.13196176823379
1475,3.252860081933958,-3.12878119986021
1476,3.278354355059336,-3.129054141657329
1477,3.316928995863232,-3.168020702899339
1478,3.314055071603273,-3.156188063309799
1479,3.331239882079033,-3.180538352802643
1480,3.331564448876598,-3.156905472513056
1481,3.304139200437213,-3.139010097650206
1482,3.321009462438222,-3.148016670431695
1483,3.335185093027326,-3.132787332658528
1484,3.396722576562519,-3.337093058303066
1485,3.408334119852638,-3.338256832787803
1486,3.360356922409957,-3.313186818125406
1487,3.360535435016436,-3.313074304036494
1488,3.374500925852221,-3.314725854581348
1489,3.408107700953705,-3.298575545500228
1490,3.420264172300501,-3.342245935307016
1491,3.428327889758147,-3.320184525920393
1492,3.432803200166074,-3.313621337268339
1493,3.432711464906185,-3.312924493974476
1494,3.414472752286319,-3.30314708760078
1495,3.425103319234063,-3.299882135401924
1496,3.454951273437472,-3.307216257792323
1497,3.360690164266089,-3.28242632936523
1498,3.398408934389257,-3.28919349532476
1499,3.372796342274441,-3.254877626105643
1500,3.380630492361479,-3.237182176037843
1501,3.404539338430359,-3.250211393841814
1502,3.404200282759473,-3.240624687588798
1503,3.459473955787304,-3.283877687070486
1504,3.427293747477863,-3.254197213048407
1505,3.454984625627862,-3.252647187337621
1506,3.481581084637144,-3.346940711374335
1507,3.488438263641491,-3.325493939143103
1508,3.520096954287958,-3.331370016256801
1509,3.492011578200745,-3.310010235720611
1510,3.46833966950562,-3.293977362695334
1511,3.493576164746604,-3.311935299056532
1512,3.512154718597875,-3.292513940795383
1513,3.528007165170931,-3.336521566555825
1514,3.551139868682423,-3.335765233555361
1515,3.571022924726319,-3.333369618891904
1516,3.525124117479446,-3.30391983542561
1517,3.563382848474135,-3.316812548348163
1518,3.572802471244185,-3.315651773727109
1519,3.492331018282184,-3.280784576325637
1520,3.509427986184587,-3.284831278787905
1521,3.508796935521543,-3.278914176127372
1522,3.496298719848395,-3.26610099302135
1523,3.473522698147943,-3.253302906104881
1524,3.488817059530201,-3.248378655342247
1525,3.492973910489663,-3.259206357592305
1526,3.493592189814643,-3.257776347079327
1527,3.517089587398169,-3.256545050366908
1528,3.515957393187442,-3.251556108616882
1529,3.502589327109582,-3.243538363500006
1530,3.492836307623979,-3.240971740958252
1531,3.544443248076613,-3.272820972639504
1532,3.562997074265781,-3.283759487830129
1533,3.521640714961654,-3.253994277389464
1534,3.526183381712886,-3.250809962425125
1535,3.574597362709398,-3.260024716266485
1536,3.575483781099574,-3.259798917850021
1537,3.366107173308226,-3.232100098075534
1538,3.361920930711372,-3.22121626712983
1539,3.380738955128995,-3.220122712800065
1540,3.37555864439425,-3.212559419465479
1541,3.397993064628487,-3.218554326312443
1542,3.359437246595754,-3.203631139055843
1543,3.360350756120709,-3.205861472342328
1544,3.3574455155069,-3.200709628489552
1545,3.404900557832695,-3.194222743036744
1546,3.431574777618533,-3.235886091180961
1547,3.41068241275532,-3.213428105281503
1548,3.428968476111991,-3.213584899426988
1549,3.440068664315851,-3.226713573663107
1550,3.462544224653507,-3.217744520976421
1551,3.46329011717573,-3.218352312544734
1552,3.412478733589244,-3.204399186710692
1553,3.428827928278278,-3.18320056975235
1554,3.428986349161508,-3.183110980837893
1555,3.444140799528792,-3.191235776149072
1556,3.374787122876946,-3.179998761045012
1557,3.363254285905596,-3.159042475272167
1558,3.402216398879402,-3.177641211495677
1559,3.407986783754226,-3.132782800915534
1560,3.432865777739088,-3.165922725238366
1561,3.431847845104706,-3.164907739354537
1562,3.438822714695248,-3.177473519638668
1563,3.452316037357116,-3.170180941916266
1564,3.440435831484916,-3.154155521975219
1565,3.45131495340132,-3.166166591506414
1566,3.461821476985279,-3.161569925112469
1567,3.432750556316885,-3.148937221082112
1568,3.425383627318853,-3.137952085099428
1569,3.430968118949072,-3.135619086568976
1570,3.441386303685414,-3.126479476980816
1571,3.474674594417082,-3.217306610500435
1572,3.481392452787791,-3.220772640150909
1573,3.482643354810899,-3.215448845536041
1574,3.501758582109777,-3.223921088232788
1575,3.511281358897672,-3.223775358777918
1576,3.470787599283461,-3.20635759490872
1577,3.4813474830117,-3.197982662781382
1578,3.475656103748232,-3.183320712766099
1579,3.482619267284927,-3.193788881144055
1580,3.492500574088357,-3.18619363764826
1581,3.511625479922437,-3.199818430270738
1582,3.510723039392034,-3.195933566285555
1583,3.55261586452513,-3.214151641530366
1584,3.545795334395352,-3.201647297837374
1585,3.538825774820157,-3.18149203956056
1586,3.551706514106036,-3.197091551210173
1587,3.558929721513737,-3.197220640085133
1588,3.55146344272914,-3.189922263514422
1589,3.556917909158348,-3.183867333949453
1590,3.560556014228228,-3.184123612476482
1591,3.470005678680481,-3.139984783599869
1592,3.48990029416683,-3.137544544793573
1593,3.527548877683125,-3.178999898123058
1594,3.524185622875824,-3.168188388579818
1595,3.537871757918337,-3.167738082672011
1596,3.55230079562443,-3.169627937386091
1597,3.550897533049268,-3.168122480298482
1598,3.57174010620455,-3.170260756934554
1599,3.5302839783856,-3.138910849169029
1600,3.537991670112009,-3.142537974066544
1601,3.541206021417827,-3.141894951162561
1602,3.542876409492765,-3.137337359270776
1603,3.543031891156097,-3.135733150195319
1604,3.548584329708001,-3.142385736066319
1605,3.570876684078637,-3.139683733837999
1606,3.556057194584759,-3.137310395049647
1607,3.558639120998627,-3.134262478683143
1608,3.556989233080992,-3.128693692773452
1609,3.557006024919732,-3.12727297248304
1610,3.567571146200067,-3.132784365744206
1611,3.011991904322651,-3.124026784633136
1612,3.016048775258801,-3.124762642557288
1613,3.016884244694436,-3.074343306382851
1614,3.008739941031096,-3.067239502323462
1615,3.008138130007818,-3.058038036003704
1616,3.127718461351281,-3.020114294868244
1617,3.009757630482599,-3.05124603152759
1618,3.087992695963689,-3.008376424212376
1619,3.299313298358907,-3.068815819004059
1620,3.014614472370476,-3.033610875471832
1621,3.027299275069948,-3.123878980740078
1622,3.042808605661564,-3.120417088819378
1623,3.024964439767538,-3.106131069009672
1624,3.02924331801109,-3.102590002519309
1625,3.040180955519826,-3.108646515386246
1626,3.046324449373119,-3.098147173265131
1627,3.04440354577197,-3.074050676828079
1628,3.04535255438576,-3.074711385826705
1629,3.04064356846987,-3.071188041360847
1630,3.072687155697315,-3.088525660239509
1631,3.056081945009524,-3.071060074318147
1632,3.067432334945843,-3.077250797343925
1633,3.106104875426745,-3.116868853681094
1634,3.079455606038452,-3.090444916903386
1635,3.074469632391461,-3.081090136147277
1636,3.112643799649063,-3.070818032034841
1637,3.129209184614103,-3.070792795956632
1638,3.025529571833922,-3.061256447676928
1639,3.031589376997268,-3.05658879450484
1640,3.05789339373842,-3.066273592912798
1641,3.060132091444964,-3.059579134364972
1642,3.031199304655805,-3.033060603065321
1643,3.034652677859735,-3.026109535721802
1644,3.039100353876478,-3.018603290170705
1645,3.045184572731454,-3.015071775290543
1646,3.048879459493939,-3.039860238086716
1647,3.050698053340107,-3.023580067493364
1648,3.106234514198727,-3.062705735800143
1649,3.101761306942479,-3.037332064267193
1650,3.098831664388257,-3.029581818679036
1651,3.085469799990026,-3.021947945609216
1652,3.112147706970961,-3.036902528994951
1653,3.126013021045484,-3.024862499869263
1654,3.029756623429182,-3.014223677296156
1655,3.06481272134714,-3.011359628852071
1656,3.062808872778975,-3.009507975269944
1657,3.116271145767567,-3.00580172367791
1658,3.12703347150678,-3.006785081570587
1659,3.128925193614803,-3.003497908363177
1660,3.156467697769724,-3.120561527559232
1661,3.154235949619762,-3.114193141214963
1662,3.172228520485982,-3.1249546484031
1663,3.176929222567644,-3.124415234662808
1664,3.160874679776355,-3.110750909962308
1665,3.178896070087854,-3.106909364890582
1666,3.18027974021577,-3.104267544163874
1667,3.14581522471825,-3.087406589878158
1668,3.155211378559636,-3.080011211079245
1669,3.183565214039358,-3.071047063291059
1670,3.194866450004743,-3.117791348054496
1671,3.192442784183553,-3.108493496823806
1672,3.193261491520469,-3.10759962320322
1673,3.205098807154561,-3.110083394375659
1674,3.210411373930784,-3.102210178989607
1675,3.224400039999672,-3.11382723318542
1676,3.220527208060666,-3.104216813837934
1677,3.235182712182946,-3.103286083720417
1678,3.223465877894141,-3.087841136347936
1679,3.219309420681408,-3.070182483369893
1680,3.134735486713367,-3.067272270953887
1681,3.130939696036041,-3.062248922482164
1682,3.135128605184736,-3.051211831805229
1683,3.135565736801449,-3.051310546215892
1684,3.179102356886124,-3.05253221881878
1685,3.135803789824024,-3.029955725413842
1686,3.151496351017567,-3.021757993329952
1687,3.173630885234687,-3.015005049803797
1688,3.180391618518978,-3.020180624447166
1689,3.179133757565108,-3.014538840537405
1690,3.204271308371641,-3.016103640631379
1691,3.219266215608509,-3.036493330112436
1692,3.227335821464105,-3.02635502860394
1693,3.26609471408906,-3.124655094443018
1694,3.28728241148396,-3.112730414348638
1695,3.291087719027234,-3.117496223836973
1696,3.269895843136876,-3.108228775024038
1697,3.27740615939416,-3.102766885548731
1698,3.26780816363588,-3.084048200705948
1699,3.260789246599431,-3.080630539306754
1700,3.266395971046657,-3.079069703744297
1701,3.274251988419305,-3.070475945434337
1702,3.311648725683614,-3.117600707280069
1703,3.313427487718709,-3.117495281860819
1704,3.315768842032778,-3.109899816801034
1705,3.324466542395626,-3.097816854142999
1706,3.335964609446433,-3.123924467157888
1707,3.332382108795595,-3.109614732283805
1708,3.305679814824491,-3.095029180518394
1709,3.331711146140737,-3.071599782273558
1710,3.256362413638694,-3.048236852521798
1711,3.275111152205971,-3.062705429286971
1712,3.273859882916478,-3.061759244304234
1713,3.284204459996279,-3.064159141787656
1714,3.292694664027912,-3.054173836794408
1715,3.288210886922462,-3.042747556239385
1716,3.255182974857393,-3.021113140733321
1717,3.25136786572469,-3.01527201725612
1718,3.257927276528408,-3.017140912198701
1719,3.261645237335416,-3.014750558786205
1720,3.297022191833509,-3.020188174670376
1721,3.295944887202628,-3.017713219932832
1722,3.318839401760527,-3.062691663888231
1723,3.344474503339388,-3.045322430291838
1724,3.302962056107248,-3.028649747803863
1725,3.301395372739731,-3.026098012889557
1726,3.352062488544453,-3.025061717309956
1727,3.159639470695098,-3.008126670312007
1728,3.261038812068056,-3.007035152521961
1729,3.283782382522624,-3.008525051452132
1730,3.331682581959189,-3.002334066060183
1731,3.354167415642725,-3.106293215514574
1732,3.376426157493007,-3.099121943009655
1733,3.383077745096633,-3.11350010312477
1734,3.356141791120417,-3.086052109827369
1735,3.375589907531025,-3.095838234677358
1736,3.400785895835719,-3.088153968714003
1737,3.381662028435003,-3.073785018705564
1738,3.404631616442713,-3.077451327307208
1739,3.406661170466636,-3.072476822017623
1740,3.458721967704532,-3.116698700120657
1741,3.456670453625423,-3.107957146176737
1742,3.429663864619595,-3.077677665372776
1743,3.459603496289798,-3.090795706665831
1744,3.454306224650406,-3.084910360050175
1745,3.358090843882289,-3.061527974757672
1746,3.370822211079699,-3.055920628424522
1747,3.356567056007729,-3.045866301301986
1748,3.361036124248802,-3.030022890775706
1749,3.366132612789779,-3.014871000317696
1750,3.381704069103127,-3.020816408459837
1751,3.392585626626853,-3.024110868377782
1752,3.425209032407419,-3.063500358125193
1753,3.429186161634703,-3.061401232373812
1754,3.455240283453509,-3.061482468538668
1755,3.43548288384611,-3.035551110087736
1756,3.419365444811778,-3.017094745207475
1757,3.420320085968802,-3.01728480945024
1758,3.451909814967707,-3.023876130772236
1759,3.478215868286914,-3.101401800576707
1760,3.516071439218648,-3.115342303955459
1761,3.510152416210395,-3.109298882139559
1762,3.503674399880982,-3.095483639132357
1763,3.514188180545795,-3.075492895108962
1764,3.532298537839428,-3.119289793488724
1765,3.532731590875242,-3.106193736145218
1766,3.551728630785013,-3.123126990672327
1767,3.57435368604861,-3.117061146370979
1768,3.564630424637241,-3.096674108560378
1769,3.541766849954823,-3.083032863711246
1770,3.534457234173272,-3.076877073709291
1771,3.56827405934746,-3.095225548941793
1772,3.566901570862708,-3.091037163429559
1773,3.55898082986364,-3.074323203372684
1774,3.563956792697978,-3.080391963707006
1775,3.494264572300959,-3.017352803625614
1776,3.54079208621323,-3.066536742425792
1777,3.550993914642049,-3.057804231749838
1778,3.557887094533615,-3.059147440619266
1779,3.573975195879515,-3.068385758669537
1780,3.562309951421833,-3.050359537649283
1781,3.553386192507184,-3.046050961870994
1782,3.566577920441084,-3.041248652486934
1783,3.561259204464324,-3.034476575088503
1784,3.370234780464154,-3.004606462428812
1785,3.379367116541228,-3.000917979879121
1786,3.389155398884787,-3.0001990580288
1787,3.487014981681147,-3.00388292882419
1788,3.506439569329816,-3.007480867353476
1789,3.600287571589365,-3.403788364960748
1790,3.747062585429327,-3.435932052128607
1791,3.916802231298233,-3.476530521775592
1792,3.604031984398704,-3.284020485776074
1793,3.783549234200223,-3.251476624210952
1794,3.625441287666616,-3.220290674238713
1795,3.625417226577443,-3.220139541002945
1796,3.651581301273108,-3.127134402435555
1797,3.653573776746799,-3.12988314511597
1798,3.710074369999409,-3.234871498049853
1799,3.972791914309071,-3.326780944827051
1800,3.619275253362023,-3.567082391826497
1801,3.624196257180842,-3.55662281405538
1802,3.622533593597844,-3.54650099734629
1803,3.629026364693101,-3.524627770137959
1804,3.659258620269353,-3.560792831838583
1805,3.68503002424278,-3.568941506264451
1806,3.641703910588581,-3.528605170420137
1807,3.665951721408013,-3.532171606452456
1808,3.67202909457517,-3.531944183970068
1809,3.601929857577439,-3.498468194270416
1810,3.606650431992521,-3.493488151740707
1811,3.601304354922432,-3.461561474367669
1812,3.631973140594082,-3.475733506084638
1813,3.619741849509199,-3.467989016279836
1814,3.651467582379993,-3.506041944282783
1815,3.654557980738801,-3.502996576248917
1816,3.674095995090861,-3.473110668713097
1817,3.669583924895587,-3.458095500945963
1818,3.717090786680352,-3.556564328486141
1819,3.738533098260679,-3.558135404210595
1820,3.742471038188395,-3.553569912722804
1821,3.741143328749536,-3.551056118771369
1822,3.69004232924585,-3.532562215091652
1823,3.738843740365128,-3.535235810260309
1824,3.73696502507576,-3.527870251562966
1825,3.73019058979535,-3.517311533080841
1826,3.735294799196226,-3.51567766271465
1827,3.752531526472372,-3.564127752940677
1828,3.772262020942705,-3.547392256220784
1829,3.791870534965116,-3.543353984293309
1830,3.743890651314278,-3.537246821961968
1831,3.753006011281382,-3.521419742301571
1832,3.75709923643215,-3.5157778400418
1833,3.795376472980291,-3.534040795313005
1834,3.787071390904994,-3.518207358342009
1835,3.785626509612629,-3.516612912158965
1836,3.799119592964486,-3.513812203553133
1837,3.720657945047108,-3.500831715202439
1838,3.735457384267119,-3.496569531213497
1839,3.726172419566379,-3.471718202170971
1840,3.739392153241399,-3.482170837606115
1841,3.759049402164903,-3.510963965647826
1842,3.755528542323232,-3.492630902252083
1843,3.784967556589771,-3.50040754931965
1844,3.786822199096743,-3.506681858827616
1845,3.744790562051514,-3.475512970197101
1846,3.791637041593126,-3.474419855115564
1847,3.781441220022093,-3.464800158391631
1848,3.610407815114234,-3.431094509743232
1849,3.620390463624096,-3.405800933735961
1850,3.673983814261513,-3.430126510887773
1851,3.647694432853175,-3.410698831834711
1852,3.659793852001882,-3.413777040868992
1853,3.682672534618824,-3.426498725664485
1854,3.584332025369235,-3.385251719702609
1855,3.627926146325479,-3.389127166456301
1856,3.585724713961529,-3.370886326745569
1857,3.593943342874284,-3.373481656983003
1858,3.576693905256981,-3.360723854571292
1859,3.633894673102598,-3.397894109013378
1860,3.641057299545094,-3.381045044674182
1861,3.651775876331199,-3.36458255198388
1862,3.677158439714145,-3.36060087608521
1863,3.677484039861999,-3.351469382388378
1864,3.690584611616361,-3.451279304445243
1865,3.742195025494644,-3.447809999734818
1866,3.740797231879755,-3.436721376796227
1867,3.755922708394289,-3.440108001411869
1868,3.791819638068281,-3.454149800726316
1869,3.774623852111507,-3.430309857475799
1870,3.760627701561507,-3.417632317674611
1871,3.781097426051482,-3.423266834455971
1872,3.777848738681918,-3.417815991027159
1873,3.69516978704914,-3.383379536284919
1874,3.692054555562812,-3.374939358705766
1875,3.710144582670213,-3.386001394391968
1876,3.720682286886391,-3.401421021547181
1877,3.72613081107581,-3.395059378929158
1878,3.705472091279007,-3.360941656459608
1879,3.706106597228002,-3.352923740527901
1880,3.729126039996185,-3.361363366742729
1881,3.718423314934463,-3.358396387321616
1882,3.760703436008805,-3.398482494789406
1883,3.786880675624996,-3.381080549615598
1884,3.745480499644574,-3.372424844506806
1885,3.75389110720283,-3.351734083350812
1886,3.766068282531261,-3.347951404940052
1887,3.77350928235098,-3.370084249545451
1888,3.811793457783994,-3.556564956819431
1889,3.849691115129627,-3.567596823926425
1890,3.847201480303642,-3.560259621361564
1891,3.848924042963149,-3.559393281001038
1892,3.801831725705247,-3.532922916551686
1893,3.81873685384602,-3.537721507600272
1894,3.799388313842844,-3.5172030650819
1895,3.844137095882337,-3.520120699820525
1896,3.858877335734465,-3.555343367292461
1897,3.876015550212986,-3.545190131190507
1898,3.882861445563645,-3.566634155235843
1899,3.884432344069004,-3.56618485859699
1900,3.884195643960753,-3.56251488481857
1901,3.885257256808329,-3.562046140473702
1902,3.891965036163927,-3.542712089647467
1903,3.838802113171602,-3.504002848411015
1904,3.803636578186092,-3.474183691902125
1905,3.817277507811311,-3.471108995066601
1906,3.825127798239649,-3.474238989269364
1907,3.824582953637824,-3.465516979512752
1908,3.845871214249975,-3.474325290187506
1909,3.880455577534308,-3.505876460100689
1910,3.859109958225209,-3.490666383335521
1911,3.865383028756305,-3.490534067920155
1912,3.881210100394074,-3.482762145272933
1913,3.860329791355303,-3.463738884126639
1914,3.90473637116563,-3.482155808029016
1915,3.910440427352021,-3.464706692478783
1916,3.917400080041356,-3.56147547801417
1917,3.93095239396723,-3.561665123914415
1918,3.926315155990239,-3.553976634592642
1919,3.940146779828227,-3.558285344532542
1920,3.958069102386408,-3.563867721534215
1921,3.91570926993798,-3.537678966663821
1922,3.912866512848514,-3.534237920845804
1923,3.930697087917807,-3.53187297740537
1924,3.928546132955416,-3.523487521064556
1925,3.945256427895517,-3.526130222362515
1926,3.958925352038148,-3.516172213267936
1927,3.962184985086732,-3.513273857505149
1928,3.962568956949923,-3.512709470569563
1929,3.966386948015768,-3.563268743556044
1930,3.984369765924268,-3.559660985647299
1931,3.96811186887187,-3.514365364436555
1932,3.992342979437133,-3.513232433813738
1933,3.996249434765715,-3.513559639997111
1934,3.919530981366442,-3.506710555217531
1935,3.949650329380703,-3.504117308777216
1936,3.955978512119372,-3.511943747718991
1937,3.962641254095168,-3.491479657481816
1938,3.91696936446518,-3.47661041434062
1939,3.943980791014766,-3.458846763552754
1940,3.957068285844558,-3.469723333835706
1941,3.981130085818909,-3.511863256320122
1942,3.988150807043089,-3.504690107823537
1943,3.990642967120788,-3.501323230956898
1944,3.977785256690272,-3.487654087695344
1945,3.970873604452855,-3.480625245893161
1946,3.976638930857806,-3.46408609476324
1947,3.809762579994254,-3.447128607595194
1948,3.799809574763377,-3.429891928314347
1949,3.814464904680643,-3.431976559986999
1950,3.832973918033708,-3.456216933170425
1951,3.832731423617925,-3.438905420932176
1952,3.8008557749391,-3.426252505800325
1953,3.817377594720289,-3.424422492853139
1954,3.8127085969216,-3.403144158322475
1955,3.863100927671904,-3.456021614355628
1956,3.873633375701841,-3.443895794707744
1957,3.895674903657247,-3.441917545834927
1958,3.8952247318465,-3.432898699903502
1959,3.909013162393219,-3.440726713483875
1960,3.871126829175062,-3.420537223372477
1961,3.817655918923202,-3.395743145610397
1962,3.806948010630438,-3.374559580905194
1963,3.8311526317871,-3.390208282533897
1964,3.828594754244292,-3.377728987321074
1965,3.81501323569135,-3.353226480965444
1966,3.847157875657578,-3.358364918844822
1967,3.858486145081937,-3.384470396029907
1968,3.890541412524682,-3.39555688986301
1969,3.89943963942221,-3.395213216018695
1970,3.889557773443885,-3.38468678199359
1971,3.886931885286157,-3.374158179793155
1972,3.875377570376762,-3.369592340624536
1973,3.906730816271785,-3.3637151965053
1974,3.988312434125764,-3.452887943419563
1975,3.993179968841736,-3.429410149872573
1976,3.983768425012268,-3.422347230506191
1977,3.986622970997119,-3.407584604391392
1978,3.992232438213085,-3.40706790782514
1979,3.998251545210638,-3.401423853275807
1980,3.921199968289588,-3.398826570738914
1981,3.91966999438813,-3.392657243565056
1982,3.937483452453958,-3.399818417997503
1983,3.929288544752848,-3.377997919322811
1984,3.951493915190294,-3.395990059319724
1985,3.913395428196467,-3.362803432376413
1986,3.914958857774582,-3.360482806488328
1987,3.919681173290485,-3.355483777006451
1988,3.924389146631222,-3.350720235028634
1989,3.943977192952251,-3.361122731196396
1990,3.969759453984683,-3.349375201277391
1991,3.996809448788763,-3.364427408773879
1992,3.594525057211552,-3.333603333884239
1993,3.604031460625202,-3.331147939143281
1994,3.602577685771404,-3.32013381556829
1995,3.577738544741197,-3.316172220498199
1996,3.628137294490783,-3.308499129881403
1997,3.630084446145844,-3.304355633687069
1998,3.665496517983233,-3.342128350052753
1999,3.666115899100133,-3.320335879059604
2000,3.6799084343033,-3.321726455325174
2001,3.644419092023616,-3.305803537687714
2002,3.63936271621129,-3.291046373280289
2003,3.676690609106874,-3.291742264137167
2004,3.583475169450556,-3.280532993169556
2005,3.594011831060773,-3.283760211470495
2006,3.60003217172499,-3.282702779298015
2007,3.576540373729402,-3.276112113642089
2008,3.585923814156747,-3.270769663123557
2009,3.619344523379044,-3.279765780203797
2010,3.628986727987086,-3.28306574070693
2011,3.589274775761364,-3.252278225554329
2012,3.593425207918972,-3.255687595930801
2013,3.609224106119145,-3.250165855580899
2014,3.61842658504312,-3.24677193335808
2015,3.633599338089041,-3.279436433018567
2016,3.636427238762689,-3.273444788754962
2017,3.657689160170528,-3.260052258561575
2018,3.696352287049347,-3.320768895060033
2019,3.738425603014768,-3.338740276455127
2020,3.733809982382321,-3.320836532000207
2021,3.708626996749315,-3.291999978672285
2022,3.715493389681566,-3.296281571456767
2023,3.725932515330346,-3.306367922945326
2024,3.733735185946723,-3.301554641329925
2025,3.783533207345752,-3.322647734726002
2026,3.758448690764484,-3.318107531726407
2027,3.783480684015402,-3.317838411600845
2028,3.796696620551242,-3.314136734794377
2029,3.787125690138272,-3.31017565621496
2030,3.791554674254972,-3.309152603470971
2031,3.72178972031042,-3.290389341234126
2032,3.740721788851906,-3.287216200814906
2033,3.691712861958596,-3.259068677817726
2034,3.692056382450364,-3.256463496937855
2035,3.692948156952818,-3.250671040557195
2036,3.704948854966097,-3.238588722886973
2037,3.742791994094814,-3.262582910083443
2038,3.748959510314062,-3.278728653152917
2039,3.768309641770719,-3.270372249714617
2040,3.792803799555847,-3.284580257657679
2041,3.756088146115304,-3.239998501648931
2042,3.775961762251665,-3.25208486441889
2043,3.589361232552464,-3.21049800823161
2044,3.624751477595369,-3.219826457416281
2045,3.607478783643888,-3.184903009345953
2046,3.632395480285705,-3.213625772178714
2047,3.664981111944272,-3.223507135589169
2048,3.661286200378598,-3.216701960338757
2049,3.66252351932352,-3.211496810969751
2050,3.637353557887374,-3.184671018838722
2051,3.58328387130095,-3.179421974449375
2052,3.588828879985507,-3.126472416274677
2053,3.612243945929355,-3.149495701108995
2054,3.627264840141681,-3.134539604422228
2055,3.629480851161033,-3.128049908442931
2056,3.648586343159891,-3.159757272789358
2057,3.671778066250781,-3.159788429716976
2058,3.678648079162862,-3.159346108569261
2059,3.641950721756223,-3.130976965708901
2060,3.646579545931464,-3.125118834976025
2061,3.653926971949601,-3.127087701427317
2062,3.661276362591639,-3.148248518107787
2063,3.6828379300676,-3.150265057334283
2064,3.68357304210158,-3.12646619605794
2065,3.689160348549386,-3.233892152938365
2066,3.703857948322878,-3.234403943293755
2067,3.690763725003762,-3.217835596889167
2068,3.718585026425115,-3.204989239652296
2069,3.770642230812214,-3.223051687324264
2070,3.764040718200838,-3.207554291509993
2071,3.782669062402165,-3.21605523748965
2072,3.761912964506553,-3.196564835506038
2073,3.796219152039023,-3.203006380001483
2074,3.787126623781019,-3.189257092544274
2075,3.704938631740935,-3.167889664232279
2076,3.707056553455389,-3.166139126071407
2077,3.7127466230558,-3.171016425537697
2078,3.739351883749041,-3.16031079162128
2079,3.695094449523782,-3.146266789017832
2080,3.708375097516968,-3.143558593240804
2081,3.709438159434919,-3.124929569506949
2082,3.716545190517058,-3.1407334227909
2083,3.72766658967321,-3.143979858123501
2084,3.743276875740427,-3.145999206608174
2085,3.736646065550121,-3.125177539189929
2086,3.769374988542228,-3.172638397519421
2087,3.757111336621647,-3.140817612081928
2088,3.765293370308322,-3.1499001269517
2089,3.762096361781974,-3.138933974474935
2090,3.768642672539117,-3.123983486881746
2091,3.835312355193093,-3.326490595660538
2092,3.808022049669708,-3.314482657382623
2093,3.867309850015025,-3.333957596618935
2094,3.875619457248107,-3.322128005575737
2095,3.880958051722551,-3.300187194159803
2096,3.902364899010925,-3.299607834974679
2097,3.814926163160058,-3.284327170639771
2098,3.804940427286598,-3.267133431732933
2099,3.83881383412193,-3.286200985114638
2100,3.847769706485351,-3.287576642839065
2101,3.805928871590078,-3.237535744868394
2102,3.805873651630682,-3.236472824113796
2103,3.810173558510068,-3.240350861581045
2104,3.855288343206119,-3.288384299193923
2105,3.871221922614351,-3.280569544927979
2106,3.869802351112846,-3.276236142580896
2107,3.870209788431049,-3.276370009563074
2108,3.879640145646529,-3.269815979847362
2109,3.892870112947832,-3.282763938071336
2110,3.899018191387975,-3.276302822153033
2111,3.897330569140124,-3.273727135641145
2112,3.86617940723363,-3.260353897491567
2113,3.8625876092319,-3.251761690563995
2114,3.854968517669786,-3.238109907710055
2115,3.878792951163686,-3.240233088698529
2116,3.885921001037528,-3.252323702584518
2117,3.882848869590454,-3.250487078561199
2118,3.887334178514323,-3.242783589996128
2119,3.894582332648095,-3.242651006711359
2120,3.885539473991662,-3.240790304148263
2121,3.900929758758223,-3.246453137474961
2122,3.920412788328959,-3.34476110595717
2123,3.946025124455442,-3.319680210030296
2124,3.924912286227261,-3.312926837150636
2125,3.949777912173216,-3.304581665683665
2126,3.959995064758886,-3.311914300847065
2127,3.940234446800645,-3.29469622920805
2128,3.997230643580376,-3.31882214178773
2129,3.984198159218906,-3.311407747723606
2130,3.968738500313072,-3.293973787389938
2131,3.979480158415454,-3.290976424255195
2132,3.998030015018196,-3.303418186916292
2133,3.924993006708035,-3.288133395548775
2134,3.933365174211467,-3.283564349539855
2135,3.954802187784299,-3.280603857006438
2136,3.91892166939271,-3.248992888892496
2137,3.947546229238005,-3.259753060251403
2138,3.949072551646946,-3.257996428845091
2139,3.961583052814614,-3.248305633499434
2140,3.958086083033066,-3.234644427523265
2141,3.988839033744197,-3.273487714265645
2142,3.996727059838731,-3.285043256522933
2143,3.979461367532149,-3.253336847204902
2144,3.976856679977124,-3.24413776062161
2145,3.971605126334226,-3.235234706720421
2146,3.814205332973934,-3.230368840201395
2147,3.832398597405917,-3.233965041704955
2148,3.840853464363786,-3.209490927367754
2149,3.861007295503991,-3.227559902758626
2150,3.864548278517212,-3.233425263691084
2151,3.861788255006997,-3.205494322060799
2152,3.882159706669742,-3.192452080268965
2153,3.880724808897329,-3.184529334053597
2154,3.803790697134371,-3.175523674300114
2155,3.804829394571052,-3.17498327171514
2156,3.81804105566041,-3.168485306509887
2157,3.805542607266422,-3.163692832385315
2158,3.834038313968219,-3.175805451632839
2159,3.84634844115025,-3.159392671885615
2160,3.822804848882411,-3.146110472156177
2161,3.83100121012444,-3.149683083382631
2162,3.837050909024136,-3.1425900606613
2163,3.836802545978366,-3.123354903407666
2164,3.846846173073774,-3.128405642285796
2165,3.864818662096537,-3.174594772885641
2166,3.870435947679995,-3.174845145923963
2167,3.882486962076872,-3.165949938694123
2168,3.860735608310877,-3.154791405791246
2169,3.882942527550674,-3.168422099327736
2170,3.896061826614006,-3.165169960994998
2171,3.884478115447192,-3.159195024185287
2172,3.886739251215381,-3.159782848673957
2173,3.905799447384283,-3.160841113716419
2174,3.869468090412246,-3.139100749366262
2175,3.876460433790049,-3.13289236469033
2176,3.87909164171428,-3.132630622869411
2177,3.885072155607273,-3.126837949959559
2178,3.934646683366803,-3.221774265502253
2179,3.949150141212349,-3.221630085801169
2180,3.959412214423913,-3.220683604760826
2181,3.957102216675604,-3.207282942161379
2182,3.957293838799115,-3.206621579550881
2183,3.930723870446031,-3.182864710076637
2184,3.94961001379182,-3.191766980331066
2185,3.95899965174451,-3.186209324615199
2186,3.953734097177172,-3.184088085921922
2187,3.964444946677018,-3.182132061019832
2188,3.983063264071568,-3.229210677770376
2189,3.99219597738189,-3.232922132866878
2190,3.988630906065125,-3.225499515753976
2191,3.976522856893225,-3.198318735788679
2192,3.981244868532131,-3.200771904268972
2193,3.987341557293394,-3.204831291730277
2194,3.967235443529272,-3.190285664225406
2195,3.919311675168595,-3.16819007204185
2196,3.929626946948177,-3.17743326559454
2197,3.944849442337921,-3.166269282881467
2198,3.958208898925587,-3.168300618818876
2199,3.944621715621178,-3.141669536049834
2200,3.947127922631334,-3.132909977045101
2201,3.990207994821369,-3.131852638115399
2202,3.645739412040093,-3.092368854026956
2203,3.682169549006956,-3.048679349167554
2204,3.715138816935864,-3.084604515605412
2205,3.863199509277494,-3.081837833824977
2206,3.590737532565109,-3.106777852620121
2207,3.619714272115358,-3.118092645827641
2208,3.630065949385867,-3.098761061146799
2209,3.584514238172012,-3.089024675696157
2210,3.578358322113429,-3.07799845411568
2211,3.632051745164134,-3.095857912704288
2212,3.637547648542988,-3.105347726097553
2213,3.64440759746435,-3.098535466954882
2214,3.653200602629288,-3.097383592364408
2215,3.680842733645596,-3.111130823641026
2216,3.671339902866417,-3.101500006984176
2217,3.64526454493519,-3.093406862245059
2218,3.632290447480514,-3.084271280726534
2219,3.659847295696429,-3.085666106543197
2220,3.63348396811547,-3.082035812041866
2221,3.664798984075879,-3.08920606225039
2222,3.686339165613236,-3.091573814681452
2223,3.583552033960739,-3.058573579818882
2224,3.585454011396366,-3.05204801709187
2225,3.585583544104518,-3.049406888049352
2226,3.586962547161818,-3.043804242817817
2227,3.593388904621115,-3.046875001125179
2228,3.603894558458129,-3.032917975384549
2229,3.603130302111333,-3.025843125643276
2230,3.619738563626985,-3.029401118785697
2231,3.63253789462456,-3.048788988486183
2232,3.650906190425878,-3.050987479452255
2233,3.668616785094804,-3.066484358050889
2234,3.664495693133857,-3.058433159151708
2235,3.668469313339444,-3.061158742835519
2236,3.67211098927151,-3.055811801024706
2237,3.687583175335575,-3.058633556451482
2238,3.662324862535852,-3.047328999660712
2239,3.666900485124877,-3.0469544226045
2240,3.633456387700794,-3.034967290147179
2241,3.636236658881804,-3.034343744790063
2242,3.634733171644243,-3.028488900274346
2243,3.650827082373974,-3.033315247595769
2244,3.644994326765036,-3.022776563347689
2245,3.65064330877926,-3.021152978970781
2246,3.683933925923696,-3.024709133974322
2247,3.693619121818122,-3.102006529036264
2248,3.717704600734342,-3.105540086632855
2249,3.709190239446019,-3.082852676980472
2250,3.690270754392814,-3.080307866256809
2251,3.690159358528013,-3.076493593150317
2252,3.710127497901695,-3.079327255624861
2253,3.721135010116336,-3.068297542405391
2254,3.742814019836294,-3.069119280806316
2255,3.766062394716109,-3.12034899077304
2256,3.770891917580732,-3.114043286775075
2257,3.761021417952727,-3.068656265743804
2258,3.789460896275863,-3.090187279076727
2259,3.78881885129793,-3.08070369007265
2260,3.71543687416009,-3.066407638667159
2261,3.704966407012945,-3.059734087846011
2262,3.706030824744007,-3.040634576078404
2263,3.725969606947195,-3.04998801616911
2264,3.702108965551487,-3.039240512285395
2265,3.704811900276733,-3.039522539106925
2266,3.692382363860949,-3.025132774826354
2267,3.700928556100882,-3.015478244613753
2268,3.719037371822022,-3.039136092842603
2269,3.729020910243253,-3.030613920913261
2270,3.732153603723037,-3.030195835692715
2271,3.73318282072423,-3.030822394243639
2272,3.734327793849868,-3.029743765830087
2273,3.730087201525496,-3.029528780932639
2274,3.737764462253554,-3.027231780048782
2275,3.729448325607922,-3.024884344367529
2276,3.731198690851049,-3.024605901325293
2277,3.734267859770699,-3.025330472401461
2278,3.733361478315177,-3.024220654565598
2279,3.749574828882693,-3.057570502305002
2280,3.746397002395401,-3.054938651446814
2281,3.765655121571134,-3.059366971201989
2282,3.770406729846798,-3.060316848312407
2283,3.758226937475378,-3.042730918995596
2284,3.780044304456083,-3.060793907813292
2285,3.790432427300783,-3.045379458989671
2286,3.762706058317905,-3.022814497771447
2287,3.759616173789293,-3.014223398402764
2288,3.772960844331255,-3.02790043399361
2289,3.781733439360156,-3.02560688550222
2290,3.786200515928199,-3.025328305189423
2291,3.587294808322486,-3.010203311263055
2292,3.576612383959892,-3.00000592916181
2293,3.583673288864634,-3.001028058722566
2294,3.634754101664118,-3.001781843265504
2295,3.639903308754847,-3.000783390085132
2296,3.649068913424665,-3.011871921935761
2297,3.650835885533328,-3.01237345849294
2298,3.655093718418988,-3.003874987577992
2299,3.662707736018881,-3.005590462920855
2300,3.686282449899456,-3.00358299987573
2301,3.720815966606318,-3.008480579505435
2302,3.728261227943473,-3.00958989619551
2303,3.816736773473659,-3.120159619349299
2304,3.822222146563511,-3.1149671020705
2305,3.852003382774853,-3.122490442324515
2306,3.846482574574673,-3.107372161481806
2307,3.805062930622643,-3.082891334687192
2308,3.82209163980831,-3.083760973580928
2309,3.801475232763881,-3.068572412935168
2310,3.830951192016574,-3.090232985458208
2311,3.841220006183287,-3.07645475980097
2312,3.854144689071746,-3.067919780802038
2313,3.866416645470106,-3.107517349163814
2314,3.867192396825511,-3.094045847106716
2315,3.873973044636545,-3.083581193576471
2316,3.876347634074685,-3.083135255858775
2317,3.881905561209075,-3.083459812273381
2318,3.885847344397499,-3.092461785898337
2319,3.883844344615613,-3.08515878707398
2320,3.90933594483513,-3.075354716644252
2321,3.817238959105404,-3.063837265980263
2322,3.814514311320446,-3.058152284540194
2323,3.814446644189757,-3.057511743069715
2324,3.816587660046863,-3.054959957838352
2325,3.82421808298255,-3.048678238624309
2326,3.831095840824329,-3.06688138678579
2327,3.837385944686616,-3.054249759253153
2328,3.854325431304103,-3.025814211383962
2329,3.875637184646645,-3.051584059236281
2330,3.880344652121086,-3.053321167136283
2331,3.890477724274884,-3.063142660450385
2332,3.892004281569061,-3.060612103452212
2333,3.893009220150902,-3.061103339252312
2334,3.883837752605816,-3.050746046680995
2335,3.862256982965575,-3.032678937149077
2336,3.880140487243423,-3.034979331197882
2337,3.883042306645488,-3.033801614631019
2338,3.88566053220872,-3.020361739161427
2339,3.885512568819925,-3.016196243994761
2340,3.960139225234215,-3.108866580845004
2341,3.913912325216264,-3.092462530003214
2342,3.936040747516707,-3.08387186336725
2343,3.914425026447904,-3.07572213110831
2344,3.920050096527841,-3.074643179232555
2345,3.934957952528618,-3.080787841753428
2346,3.947026073786506,-3.093506573135228
2347,3.986894193778433,-3.095376567146236
2348,3.992485545422241,-3.094072480294098
2349,3.977782425083515,-3.070819769111632
2350,3.922886882627927,-3.046008947437836
2351,3.93153981281626,-3.0400139744412
2352,3.961977023290364,-3.062131824643143
2353,3.955746937472366,-3.047980250084696
2354,3.950374444602386,-3.036859615077635
2355,3.958718556143672,-3.03158483007477
2356,3.987197811179823,-3.064524548570976
2357,3.988457402191628,-3.061099252014461
2358,3.987220934839584,-3.055763684032669
2359,3.974134648291221,-3.026526799313399
2360,3.977284851085721,-3.026217707569457
2361,3.985380678303167,-3.025894644832634
2362,3.977863370201493,-3.023130411036873
2363,3.811614728806829,-3.004166097491253
2364,3.849235808525001,-3.010012869007136
2365,3.939229554146604,-3.006257707426448
2366,3.966326691287712,-3.009516784633049
2367,3.967780183615215,-3.009232223494297
2368,3.979772675494283,-3.002734292144654
